{"sections":{"image_banner_AJJXGV":{"type":"image-banner","settings":{"image":"shopify:\/\/shop_images\/four-bottle.png","image_overlay_opacity":0,"image_height":"adapt","desktop_content_position":"middle-center","show_text_box":false,"desktop_content_alignment":"left","color_scheme":"","image_behavior":"none","mobile_content_alignment":"center","stack_images_on_mobile":true,"show_text_below":false}},"banner":{"type":"main-collection-banner","disabled":true,"settings":{"show_collection_description":false,"show_collection_image":true,"color_scheme":"scheme-1"}},"rich_text_reKfCB":{"type":"rich-text","blocks":{"heading_rahm73":{"type":"heading","settings":{"heading":"<strong>Pick Your Elixir<\/strong>","heading_size":"h2"}}},"block_order":["heading_rahm73"],"custom_css":["h2 {font-size: 50px;}"],"settings":{"desktop_content_position":"center","content_alignment":"center","color_scheme":"","full_width":true,"padding_top":60,"padding_bottom":0}},"product-grid":{"type":"main-collection-product-grid","settings":{"products_per_page":8,"columns_desktop":2,"color_scheme":"scheme-1","image_ratio":"adapt","image_shape":"default","show_secondary_image":false,"show_vendor":false,"show_rating":false,"enable_quick_add":true,"enable_filtering":false,"filter_type":"horizontal","enable_sorting":false,"columns_mobile":"2","padding_top":100,"padding_bottom":100}},"custom_liquid_ectxL9":{"type":"custom-liquid","settings":{"custom_liquid":"<section class=\"pl_area1  position-relative\" id=\"product__applicator\">\n    <img src=\"https:\/\/cdn.shopify.com\/s\/files\/1\/0584\/1204\/0269\/files\/pl-flower.png?v=1712724714\" alt=\"top-left\"\n        class=\"pl-flower\" data-aos=\"fade-down\" data-aos-easing=\"linear\" data-aos-duration=\"500\">\n    <img src=\"https:\/\/cdn.shopify.com\/s\/files\/1\/0584\/1204\/0269\/files\/pl-flower2.png?v=1712724714\" alt=\"top-right\"\n        class=\"pl-flower2\" data-aos=\"fade-down\" data-aos-easing=\"linear\" data-aos-duration=\"750\">\n    <div class=\"container-fluid\">\n        <div class=\"row align-items-center\">\n            <div class=\"col-lg-6\">\n                <div class=\"pl_left\">\n<h3 class=\"mb-4\">Applicator kit <br> included<\/h3>\n                    <h6 class=\"mb-5\">with Castor Oils.<\/h6>\n                    <a href=\"#\" class=\"btn__new\"> SHOP NOW<\/a>\n                <\/div>\n            <\/div>\n            <div class=\"col-lg-6\">\n                <div class=\"pl_left_img\">\n                    <img src=\"https:\/\/cdn.shopify.com\/s\/files\/1\/0584\/1204\/0269\/files\/black1_8cfaa4a7-dc7a-4bba-8bc4-4abe0254c865.png?v=1722410124\">\n                <\/div>\n            <\/div>\n        <\/div>\n    <\/div>\n<\/section>","color_scheme":"","padding_top":0,"padding_bottom":0}},"custom_liquid_RemLVn":{"type":"custom-liquid","settings":{"custom_liquid":"<section class=\"pl_area1 pl_area2  position-relative\" id=\"product__oral\">\n\n    <img src=\"https:\/\/cdn.shopify.com\/s\/files\/1\/0584\/1204\/0269\/files\/pl-flower4.png?v=1712924191\" alt=\"top-right\"\n        class=\"pl-flower2\" data-aos=\"fade-down\" data-aos-easing=\"linear\" data-aos-duration=\"750\">\n    <div class=\"container-fluid\">\n        <div class=\"row align-items-center\">\n\n\n            <div class=\"col-lg-6\">\n                <div class=\"pl_left_img\">\n                    <img src=\"https:\/\/cdn.shopify.com\/s\/files\/1\/0584\/1204\/0269\/files\/cinnamon1_c440b3d5-6cb5-4edb-81c0-cd2a09e1e90b.png?v=1722411042\">\n                    <img src=\"https:\/\/cdn.shopify.com\/s\/files\/1\/0584\/1204\/0269\/files\/pl-flower3.png?v=1712924191\"\n                        alt=\"top-left\" class=\"pl-flower3\" data-aos=\"fade-down\" data-aos-easing=\"linear\"\n                        data-aos-duration=\"500\">\n                <\/div>\n            <\/div>\n\n\n \n            <div class=\"col-lg-5 offset-lg-1\">\n                <div class=\"pl_left\">\n                    \n                    <h3 class=\"mb-5\">Oral kit <br>included<\/h3>\n                    <h6 class=\"mb-4\">with pulling oil<\/h6>\n                    <a href=\"#\" class=\"btn__new\"> SHOP NOW<\/a>\n                <\/div>\n            <\/div>\n\n        <\/div>\n    <\/div>\n<\/section>","color_scheme":"","padding_top":0,"padding_bottom":0}},"custom_liquid_PRwph4":{"type":"custom-liquid","settings":{"custom_liquid":"<div class=\"marquee__area\">  \n<div class=\"marquee__section\">\n    <div class=\"logos-slide \">\n       <span>Zero Chemicals<\/span>\n       <img src=\"https:\/\/cdn.shopify.com\/s\/files\/1\/0584\/1204\/0269\/files\/flower.svg?v=1711600661\">\n       <span>Herbal<\/span>\n       <img src=\"https:\/\/cdn.shopify.com\/s\/files\/1\/0584\/1204\/0269\/files\/flower.svg?v=1711600661\">\n       <span>Unrefined<\/span>\n       <img src=\"https:\/\/cdn.shopify.com\/s\/files\/1\/0584\/1204\/0269\/files\/flower.svg?v=1711600661\">\n       <span>Cold Pressed<\/span>\n       <img src=\"https:\/\/cdn.shopify.com\/s\/files\/1\/0584\/1204\/0269\/files\/flower.svg?v=1711600661\">\n       <span>Healthier Skin<\/span>\n       <img src=\"https:\/\/cdn.shopify.com\/s\/files\/1\/0584\/1204\/0269\/files\/flower.svg?v=1711600661\">\n    <\/div>\n <\/div>\n <\/div>\n <script>\n    var copy = document.querySelector(\".logos-slide\").cloneNode(true);\n    document.querySelector(\".marquee__section\").appendChild(copy);\n <\/script>","color_scheme":"","padding_top":0,"padding_bottom":0}},"custom_liquid_hCfH8p":{"type":"custom-liquid","settings":{"custom_liquid":"<div class=\"our__story\">\n    <img src=\"https:\/\/cdn.shopify.com\/s\/files\/1\/0584\/1204\/0269\/files\/bg_story1.png?v=1711526340\" class=\"bg_story1\">\n    <img src=\"https:\/\/cdn.shopify.com\/s\/files\/1\/0584\/1204\/0269\/files\/bg_story2.png?v=1711526340\" class=\"bg_story2\">\n    <div class=\"container-fluid\">\n        <h6>OUR STORY<\/h6>\n        <div class=\"row gx-lg-5\">\n            <div class=\"col-lg-4\">\n                <div class=\"our__story_content\">\n                    <p>In a world where beauty is often obscured by fleeting trends and artificial enhancements, emerges\n                        a radiant beacon guiding us back to our roots – Kaes Teo.<\/p>\n\n                    <p>The name blends heritage and divinity, with \"Kaes\" reflecting the Hindi word for hair and \"Teo\"\n                        symbolizing a heavenly gift.<\/p>\n                <\/div>\n            <\/div>\n\n            <div class=\"col-lg-4\">\n                <img src=\"https:\/\/cdn.shopify.com\/s\/files\/1\/0584\/1204\/0269\/files\/AUNTMAA.png?v=1716877529\">\n            <\/div>\n\n            <div class=\"col-lg-4\">\n                <div class=\"our__story_content2\">\n                    <div class=\"our__story_content21\">\n                        <p>As custodians of wisdom and trailblazers, we invite you to join our transformative journey.\n                            With Kaes Teo, hair care becomes a soulful ritual, refined through generations.<\/p>\n                        <a href=\"#\" class=\"btn__new\">KNOW MORE<\/a>\n                    <\/div>\n                <\/div>\n            <\/div>\n        <\/div>\n    <\/div>\n<\/div>","color_scheme":"","padding_top":0,"padding_bottom":0}},"custom_liquid_JiKNhn":{"type":"custom-liquid","custom_css":[],"settings":{"custom_liquid":"<div class=\"client__logo\">\n    <div class=\"container-fluid\">\n        <div class=\"client__logopanelbg\">\n            <div class=\"client__logopanel\">\n                <div class=\"client__logoarea\">\n                    <img src=\"https:\/\/cdn.shopify.com\/s\/files\/1\/0584\/1204\/0269\/files\/vogue-logo.png?v=1711534561\" alt=\"Vogue Logo\" \/>\n                    <img src=\"https:\/\/cdn.shopify.com\/s\/files\/1\/0584\/1204\/0269\/files\/elle-logo.png?v=1711534561\" alt=\"Eelle Logo\" \/>\n                    <img src=\"https:\/\/cdn.shopify.com\/s\/files\/1\/0584\/1204\/0269\/files\/allure-logo.png?v=1711534561\" alt=\"allure Logo\" \/>\n                    <img src=\"https:\/\/cdn.shopify.com\/s\/files\/1\/0584\/1204\/0269\/files\/instyle-logo.png?v=1711534561\" alt=\"Instyle Logo\" \/>\n                    <img src=\"https:\/\/cdn.shopify.com\/s\/files\/1\/0584\/1204\/0269\/files\/forbes-logo.png?v=1711534561\" alt=\"Forbes Logo\" \/>\n                <\/div>\n            <\/div>\n        <\/div>\n    <\/div>\n<\/div>\n\n\n\n<script>\n  var copy = document.querySelector(\".client__logoarea\").cloneNode(true);\n            document.querySelector(\".client__logopanel\").appendChild(copy);\n<\/script>","color_scheme":"","padding_top":0,"padding_bottom":0}},"rich_text_9L8gb3":{"type":"rich-text","blocks":{"heading_MJLbfV":{"type":"heading","settings":{"heading":"OUR CLIENTS LOVE US","heading_size":"h2"}}},"block_order":["heading_MJLbfV"],"disabled":true,"custom_css":["h2 {font-size: 24px; color: #db5026;}",".rich-text.content-container {background-color: #fdf1c2;}"],"settings":{"desktop_content_position":"center","content_alignment":"center","color_scheme":"","full_width":true,"padding_top":40,"padding_bottom":0}},"custom_liquid_wmPkWy":{"type":"custom-liquid","disabled":true,"settings":{"custom_liquid":"<div class=\"testimonail-owl-slider\">\n    <div class=\"container-fluid\">\n        <div class=\"owl-carousel owl-theme\">\n            <div class=\"item\">\n                <div class=\"row\">\n                    <div class=\"col-md-6\">\n                        <img src=\"https:\/\/cdn.shopify.com\/s\/files\/1\/0584\/1204\/0269\/files\/image-1.png?v=1717583551\"\n                            alt=\"Product Image 1\">\n                    <\/div>\n                    <div class=\"col-md-6 testimonial-content\">\n                        <div class=\"star-rating mb-3\">\n                            <svg xmlns=\"http:\/\/www.w3.org\/2000\/svg\" width=\"20\" height=\"20\" viewBox=\"0 0 20 20\"\n                                fill=\"none\">\n                                <path\n                                    d=\"M10 0L13.09 6.26L20 7.27L15 12.14L16.18 19.02L10 15.77L3.82 19.02L5 12.14L0 7.27L6.91 6.26L10 0Z\"\n                                    fill=\"black\" \/>\n                            <\/svg>\n                            <svg xmlns=\"http:\/\/www.w3.org\/2000\/svg\" width=\"20\" height=\"20\" viewBox=\"0 0 20 20\"\n                                fill=\"none\">\n                                <path\n                                    d=\"M10 0L13.09 6.26L20 7.27L15 12.14L16.18 19.02L10 15.77L3.82 19.02L5 12.14L0 7.27L6.91 6.26L10 0Z\"\n                                    fill=\"black\" \/>\n                            <\/svg>\n                            <svg xmlns=\"http:\/\/www.w3.org\/2000\/svg\" width=\"20\" height=\"20\" viewBox=\"0 0 20 20\"\n                                fill=\"none\">\n                                <path\n                                    d=\"M10 0L13.09 6.26L20 7.27L15 12.14L16.18 19.02L10 15.77L3.82 19.02L5 12.14L0 7.27L6.91 6.26L10 0Z\"\n                                    fill=\"black\" \/>\n                            <\/svg>\n                            <svg xmlns=\"http:\/\/www.w3.org\/2000\/svg\" width=\"20\" height=\"20\" viewBox=\"0 0 20 20\"\n                                fill=\"none\">\n                                <path\n                                    d=\"M10 0L13.09 6.26L20 7.27L15 12.14L16.18 19.02L10 15.77L3.82 19.02L5 12.14L0 7.27L6.91 6.26L10 0Z\"\n                                    fill=\"black\" \/>\n                            <\/svg>\n                            <svg xmlns=\"http:\/\/www.w3.org\/2000\/svg\" width=\"20\" height=\"20\" viewBox=\"0 0 20 20\"\n                                fill=\"none\">\n                                <path\n                                    d=\"M10 0L13.09 6.26L20 7.27L15 12.14L16.18 19.02L10 15.77L3.82 19.02L5 12.14L0 7.27L6.91 6.26L10 0Z\"\n                                    fill=\"black\" \/>\n                            <\/svg>\n                        <\/div>\n                        <p>\"I've been using Kaes Teo's Pure Castor Oil for a few months now, my hair has never felt\n                            healthier! It's super moisturizing and has cut down breakage a lot. Highly recommend it to\n                            anyone looking to step up their hair game.\"\n                        <\/p>\n                        <p class=\"testimonial-author\">Sarah M, New York<\/p>\n                    <\/div>\n                <\/div>\n            <\/div>\n            <div class=\"item\">\n                <div class=\"row\">\n                    <div class=\"col-md-6\">\n                        <img src=\"https:\/\/cdn.shopify.com\/s\/files\/1\/0584\/1204\/0269\/files\/image-2.png?v=1717583551\"\n                            alt=\"Product Image 2\">\n                    <\/div>\n                    <div class=\"col-md-6 testimonial-content\">\n                        <div class=\"star-rating mb-3\">\n                            <svg xmlns=\"http:\/\/www.w3.org\/2000\/svg\" width=\"20\" height=\"20\" viewBox=\"0 0 20 20\"\n                                fill=\"none\">\n                                <path\n                                    d=\"M10 0L13.09 6.26L20 7.27L15 12.14L16.18 19.02L10 15.77L3.82 19.02L5 12.14L0 7.27L6.91 6.26L10 0Z\"\n                                    fill=\"black\" \/>\n                            <\/svg>\n                            <svg xmlns=\"http:\/\/www.w3.org\/2000\/svg\" width=\"20\" height=\"20\" viewBox=\"0 0 20 20\"\n                                fill=\"none\">\n                                <path\n                                    d=\"M10 0L13.09 6.26L20 7.27L15 12.14L16.18 19.02L10 15.77L3.82 19.02L5 12.14L0 7.27L6.91 6.26L10 0Z\"\n                                    fill=\"black\" \/>\n                            <\/svg>\n                            <svg xmlns=\"http:\/\/www.w3.org\/2000\/svg\" width=\"20\" height=\"20\" viewBox=\"0 0 20 20\"\n                                fill=\"none\">\n                                <path\n                                    d=\"M10 0L13.09 6.26L20 7.27L15 12.14L16.18 19.02L10 15.77L3.82 19.02L5 12.14L0 7.27L6.91 6.26L10 0Z\"\n                                    fill=\"black\" \/>\n                            <\/svg>\n                            <svg xmlns=\"http:\/\/www.w3.org\/2000\/svg\" width=\"20\" height=\"20\" viewBox=\"0 0 20 20\"\n                                fill=\"none\">\n                                <path\n                                    d=\"M10 0L13.09 6.26L20 7.27L15 12.14L16.18 19.02L10 15.77L3.82 19.02L5 12.14L0 7.27L6.91 6.26L10 0Z\"\n                                    fill=\"black\" \/>\n                            <\/svg>\n                            <svg xmlns=\"http:\/\/www.w3.org\/2000\/svg\" width=\"20\" height=\"20\" viewBox=\"0 0 20 20\"\n                                fill=\"none\">\n                                <path\n                                    d=\"M10 0L13.09 6.26L20 7.27L15 12.14L16.18 19.02L10 15.77L3.82 19.02L5 12.14L0 7.27L6.91 6.26L10 0Z\"\n                                    fill=\"black\" \/>\n                            <\/svg>\n                        <\/div>\n                        <p>\"Kaes Teo's Black Castor Oil is a game-changer for my scalp. It soothes irritation and\n                            promotes hair growth like nothing else I've tried. My hair is thicker and stronger, I\n                            couldn't be happier with it!\"\n                        <\/p>\n                        <p class=\"testimonial-author\">Jason L, California<\/p>\n                    <\/div>\n                <\/div>\n            <\/div>\n            <div class=\"item\">\n                <div class=\"row\">\n                    <div class=\"col-md-6\">\n                        <img src=\"https:\/\/cdn.shopify.com\/s\/files\/1\/0584\/1204\/0269\/files\/image-3.png?v=1717583551\"\n                            alt=\"Product Image 3\">\n                    <\/div>\n                    <div class=\"col-md-6 testimonial-content\">\n                        <div class=\"star-rating mb-3\">\n                            <svg xmlns=\"http:\/\/www.w3.org\/2000\/svg\" width=\"20\" height=\"20\" viewBox=\"0 0 20 20\"\n                                fill=\"none\">\n                                <path\n                                    d=\"M10 0L13.09 6.26L20 7.27L15 12.14L16.18 19.02L10 15.77L3.82 19.02L5 12.14L0 7.27L6.91 6.26L10 0Z\"\n                                    fill=\"black\" \/>\n                            <\/svg>\n                            <svg xmlns=\"http:\/\/www.w3.org\/2000\/svg\" width=\"20\" height=\"20\" viewBox=\"0 0 20 20\"\n                                fill=\"none\">\n                                <path\n                                    d=\"M10 0L13.09 6.26L20 7.27L15 12.14L16.18 19.02L10 15.77L3.82 19.02L5 12.14L0 7.27L6.91 6.26L10 0Z\"\n                                    fill=\"black\" \/>\n                            <\/svg>\n                            <svg xmlns=\"http:\/\/www.w3.org\/2000\/svg\" width=\"20\" height=\"20\" viewBox=\"0 0 20 20\"\n                                fill=\"none\">\n                                <path\n                                    d=\"M10 0L13.09 6.26L20 7.27L15 12.14L16.18 19.02L10 15.77L3.82 19.02L5 12.14L0 7.27L6.91 6.26L10 0Z\"\n                                    fill=\"black\" \/>\n                            <\/svg>\n                            <svg xmlns=\"http:\/\/www.w3.org\/2000\/svg\" width=\"20\" height=\"20\" viewBox=\"0 0 20 20\"\n                                fill=\"none\">\n                                <path\n                                    d=\"M10 0L13.09 6.26L20 7.27L15 12.14L16.18 19.02L10 15.77L3.82 19.02L5 12.14L0 7.27L6.91 6.26L10 0Z\"\n                                    fill=\"black\" \/>\n                            <\/svg>\n                            <svg xmlns=\"http:\/\/www.w3.org\/2000\/svg\" width=\"20\" height=\"20\" viewBox=\"0 0 20 20\"\n                                fill=\"none\">\n                                <path\n                                    d=\"M10 0L13.09 6.26L20 7.27L15 12.14L16.18 19.02L10 15.77L3.82 19.02L5 12.14L0 7.27L6.91 6.26L10 0Z\"\n                                    fill=\"black\" \/>\n                            <\/svg>\n                        <\/div>\n                        <p>\"I started oil pulling with Kaes Teo's Pulling Oil, and wow, my teeth are whiter and my gums\n                            feel so much healthier. Plus, it leaves my mouth feeling fresh all day. Never going back to\n                            regular mouthwash!\"\n                        <\/p>\n                        <p class=\"testimonial-author\">Emily S, Florida<\/p>\n                    <\/div>\n                <\/div>\n            <\/div>\n            <div class=\"item\">\n                <div class=\"row\">\n                    <div class=\"col-md-6\">\n                        <img src=\"https:\/\/cdn.shopify.com\/s\/files\/1\/0584\/1204\/0269\/files\/image-4.png?v=1717583621\"\n                            alt=\"Product Image 4\">\n                    <\/div>\n                    <div class=\"col-md-6 testimonial-content\">\n                        <div class=\"star-rating mb-3\">\n                            <svg xmlns=\"http:\/\/www.w3.org\/2000\/svg\" width=\"20\" height=\"20\" viewBox=\"0 0 20 20\"\n                                fill=\"none\">\n                                <path\n                                    d=\"M10 0L13.09 6.26L20 7.27L15 12.14L16.18 19.02L10 15.77L3.82 19.02L5 12.14L0 7.27L6.91 6.26L10 0Z\"\n                                    fill=\"black\" \/>\n                            <\/svg>\n                            <svg xmlns=\"http:\/\/www.w3.org\/2000\/svg\" width=\"20\" height=\"20\" viewBox=\"0 0 20 20\"\n                                fill=\"none\">\n                                <path\n                                    d=\"M10 0L13.09 6.26L20 7.27L15 12.14L16.18 19.02L10 15.77L3.82 19.02L5 12.14L0 7.27L6.91 6.26L10 0Z\"\n                                    fill=\"black\" \/>\n                            <\/svg>\n                            <svg xmlns=\"http:\/\/www.w3.org\/2000\/svg\" width=\"20\" height=\"20\" viewBox=\"0 0 20 20\"\n                                fill=\"none\">\n                                <path\n                                    d=\"M10 0L13.09 6.26L20 7.27L15 12.14L16.18 19.02L10 15.77L3.82 19.02L5 12.14L0 7.27L6.91 6.26L10 0Z\"\n                                    fill=\"black\" \/>\n                            <\/svg>\n                            <svg xmlns=\"http:\/\/www.w3.org\/2000\/svg\" width=\"20\" height=\"20\" viewBox=\"0 0 20 20\"\n                                fill=\"none\">\n                                <path\n                                    d=\"M10 0L13.09 6.26L20 7.27L15 12.14L16.18 19.02L10 15.77L3.82 19.02L5 12.14L0 7.27L6.91 6.26L10 0Z\"\n                                    fill=\"black\" \/>\n                            <\/svg>\n                            <svg xmlns=\"http:\/\/www.w3.org\/2000\/svg\" width=\"20\" height=\"20\" viewBox=\"0 0 20 20\"\n                                fill=\"none\">\n                                <path\n                                    d=\"M10 0L13.09 6.26L20 7.27L15 12.14L16.18 19.02L10 15.77L3.82 19.02L5 12.14L0 7.27L6.91 6.26L10 0Z\"\n                                    fill=\"black\" \/>\n                            <\/svg>\n                        <\/div>\n                        <p>\"Kaes Teo's Pure Castor Oil is now a must in my skincare routine. It’s fantastic for\n                            hydrating my skin and has really helped with my scars. A little goes a long way, and the\n                            quality is amazing!\"\n                        <\/p>\n                        <p class=\"testimonial-author\">Jessica R, Texas<\/p>\n                    <\/div>\n                <\/div>\n            <\/div>\n            <div class=\"item\">\n                <div class=\"row\">\n                    <div class=\"col-md-6\">\n                        <img src=\"https:\/\/cdn.shopify.com\/s\/files\/1\/0584\/1204\/0269\/files\/image-5.png?v=1717583615\"\n                            alt=\"Product Image 5\">\n                    <\/div>\n                    <div class=\"col-md-6 testimonial-content\">\n                        <div class=\"star-rating mb-3\">\n                            <svg xmlns=\"http:\/\/www.w3.org\/2000\/svg\" width=\"20\" height=\"20\" viewBox=\"0 0 20 20\"\n                                fill=\"none\">\n                                <path\n                                    d=\"M10 0L13.09 6.26L20 7.27L15 12.14L16.18 19.02L10 15.77L3.82 19.02L5 12.14L0 7.27L6.91 6.26L10 0Z\"\n                                    fill=\"black\" \/>\n                            <\/svg>\n                            <svg xmlns=\"http:\/\/www.w3.org\/2000\/svg\" width=\"20\" height=\"20\" viewBox=\"0 0 20 20\"\n                                fill=\"none\">\n                                <path\n                                    d=\"M10 0L13.09 6.26L20 7.27L15 12.14L16.18 19.02L10 15.77L3.82 19.02L5 12.14L0 7.27L6.91 6.26L10 0Z\"\n                                    fill=\"black\" \/>\n                            <\/svg>\n                            <svg xmlns=\"http:\/\/www.w3.org\/2000\/svg\" width=\"20\" height=\"20\" viewBox=\"0 0 20 20\"\n                                fill=\"none\">\n                                <path\n                                    d=\"M10 0L13.09 6.26L20 7.27L15 12.14L16.18 19.02L10 15.77L3.82 19.02L5 12.14L0 7.27L6.91 6.26L10 0Z\"\n                                    fill=\"black\" \/>\n                            <\/svg>\n                            <svg xmlns=\"http:\/\/www.w3.org\/2000\/svg\" width=\"20\" height=\"20\" viewBox=\"0 0 20 20\"\n                                fill=\"none\">\n                                <path\n                                    d=\"M10 0L13.09 6.26L20 7.27L15 12.14L16.18 19.02L10 15.77L3.82 19.02L5 12.14L0 7.27L6.91 6.26L10 0Z\"\n                                    fill=\"black\" \/>\n                            <\/svg>\n                            <svg xmlns=\"http:\/\/www.w3.org\/2000\/svg\" width=\"20\" height=\"20\" viewBox=\"0 0 20 20\"\n                                fill=\"none\">\n                                <path\n                                    d=\"M10 0L13.09 6.26L20 7.27L15 12.14L16.18 19.02L10 15.77L3.82 19.02L5 12.14L0 7.27L6.91 6.26L10 0Z\"\n                                    fill=\"black\" \/>\n                            <\/svg>\n                        <\/div>\n                        <p>\"I've had dandruff for years, but Kaes Teo's Black Castor Oil has been a lifesaver. It not\n                            only helps with the flakes but leaves my hair feeling soft and nourished. So grateful for\n                            this product!\"\n                        <\/p>\n                        <p class=\"testimonial-author\">Michael H, Illinois<\/p>\n                    <\/div>\n                <\/div>\n            <\/div>\n            <div class=\"item\">\n                <div class=\"row\">\n                    <div class=\"col-md-6\">\n                        <img src=\"https:\/\/cdn.shopify.com\/s\/files\/1\/0584\/1204\/0269\/files\/image-6.png?v=1717583550\"\n                            alt=\"Product Image 6\">\n                    <\/div>\n                    <div class=\"col-md-6 testimonial-content\">\n                        <div class=\"star-rating mb-3\">\n                            <svg xmlns=\"http:\/\/www.w3.org\/2000\/svg\" width=\"20\" height=\"20\" viewBox=\"0 0 20 20\"\n                                fill=\"none\">\n                                <path\n                                    d=\"M10 0L13.09 6.26L20 7.27L15 12.14L16.18 19.02L10 15.77L3.82 19.02L5 12.14L0 7.27L6.91 6.26L10 0Z\"\n                                    fill=\"black\" \/>\n                            <\/svg>\n                            <svg xmlns=\"http:\/\/www.w3.org\/2000\/svg\" width=\"20\" height=\"20\" viewBox=\"0 0 20 20\"\n                                fill=\"none\">\n                                <path\n                                    d=\"M10 0L13.09 6.26L20 7.27L15 12.14L16.18 19.02L10 15.77L3.82 19.02L5 12.14L0 7.27L6.91 6.26L10 0Z\"\n                                    fill=\"black\" \/>\n                            <\/svg>\n                            <svg xmlns=\"http:\/\/www.w3.org\/2000\/svg\" width=\"20\" height=\"20\" viewBox=\"0 0 20 20\"\n                                fill=\"none\">\n                                <path\n                                    d=\"M10 0L13.09 6.26L20 7.27L15 12.14L16.18 19.02L10 15.77L3.82 19.02L5 12.14L0 7.27L6.91 6.26L10 0Z\"\n                                    fill=\"black\" \/>\n                            <\/svg>\n                            <svg xmlns=\"http:\/\/www.w3.org\/2000\/svg\" width=\"20\" height=\"20\" viewBox=\"0 0 20 20\"\n                                fill=\"none\">\n                                <path\n                                    d=\"M10 0L13.09 6.26L20 7.27L15 12.14L16.18 19.02L10 15.77L3.82 19.02L5 12.14L0 7.27L6.91 6.26L10 0Z\"\n                                    fill=\"black\" \/>\n                            <\/svg>\n                            <svg xmlns=\"http:\/\/www.w3.org\/2000\/svg\" width=\"20\" height=\"20\" viewBox=\"0 0 20 20\"\n                                fill=\"none\">\n                                <path\n                                    d=\"M10 0L13.09 6.26L20 7.27L15 12.14L16.18 19.02L10 15.77L3.82 19.02L5 12.14L0 7.27L6.91 6.26L10 0Z\"\n                                    fill=\"black\" \/>\n                            <\/svg>\n                        <\/div>\n                        <p>\"The Pulling Oil from Kaes Teo is fantastic! I was sceptical, but after a few weeks, my teeth\n                            are visibly brighter and my overall oral hygiene feels improved. It's now a must-have in my\n                            morning routine.\"\n                        <\/p>\n                        <p class=\"testimonial-author\">Laura K, Colorado<\/p>\n                    <\/div>\n                <\/div>\n            <\/div>\n                        <div class=\"item\">\n                <div class=\"row\">\n                    <div class=\"col-md-6\">\n                        <img src=\"https:\/\/cdn.shopify.com\/s\/files\/1\/0584\/1204\/0269\/files\/image-7.png?v=1717583551\"\n                            alt=\"Product Image 7\">\n                    <\/div>\n                    <div class=\"col-md-6 testimonial-content\">\n                        <div class=\"star-rating mb-3\">\n                            <svg xmlns=\"http:\/\/www.w3.org\/2000\/svg\" width=\"20\" height=\"20\" viewBox=\"0 0 20 20\"\n                                fill=\"none\">\n                                <path\n                                    d=\"M10 0L13.09 6.26L20 7.27L15 12.14L16.18 19.02L10 15.77L3.82 19.02L5 12.14L0 7.27L6.91 6.26L10 0Z\"\n                                    fill=\"black\" \/>\n                            <\/svg>\n                            <svg xmlns=\"http:\/\/www.w3.org\/2000\/svg\" width=\"20\" height=\"20\" viewBox=\"0 0 20 20\"\n                                fill=\"none\">\n                                <path\n                                    d=\"M10 0L13.09 6.26L20 7.27L15 12.14L16.18 19.02L10 15.77L3.82 19.02L5 12.14L0 7.27L6.91 6.26L10 0Z\"\n                                    fill=\"black\" \/>\n                            <\/svg>\n                            <svg xmlns=\"http:\/\/www.w3.org\/2000\/svg\" width=\"20\" height=\"20\" viewBox=\"0 0 20 20\"\n                                fill=\"none\">\n                                <path\n                                    d=\"M10 0L13.09 6.26L20 7.27L15 12.14L16.18 19.02L10 15.77L3.82 19.02L5 12.14L0 7.27L6.91 6.26L10 0Z\"\n                                    fill=\"black\" \/>\n                            <\/svg>\n                            <svg xmlns=\"http:\/\/www.w3.org\/2000\/svg\" width=\"20\" height=\"20\" viewBox=\"0 0 20 20\"\n                                fill=\"none\">\n                                <path\n                                    d=\"M10 0L13.09 6.26L20 7.27L15 12.14L16.18 19.02L10 15.77L3.82 19.02L5 12.14L0 7.27L6.91 6.26L10 0Z\"\n                                    fill=\"black\" \/>\n                            <\/svg>\n                            <svg xmlns=\"http:\/\/www.w3.org\/2000\/svg\" width=\"20\" height=\"20\" viewBox=\"0 0 20 20\"\n                                fill=\"none\">\n                                <path\n                                    d=\"M10 0L13.09 6.26L20 7.27L15 12.14L16.18 19.02L10 15.77L3.82 19.02L5 12.14L0 7.27L6.91 6.26L10 0Z\"\n                                    fill=\"black\" \/>\n                            <\/svg>\n                        <\/div>\n                        <p>\"After using Kaes Teo’s Pulling Oil for just a month, I noticed a huge improvement in my oral health. It’s such a natural and effective product. My mouth feels cleaner and my breath is fresher all day.\"\n                        <\/p>\n                        <p class=\"testimonial-author\">David P, Ohio<\/p>\n                    <\/div>\n                <\/div>\n            <\/div>\n            <!-- Repeat similar structure for other items -->\n        <\/div>\n    <\/div>\n<\/div>\n<script>\n    $(document).ready(function () {\n        $(\".owl-carousel\").owlCarousel({\n            loop: true,\n            margin: 10,\n            nav: false,\n            autoplay: true,\n            autoplayTimeout: 2000,\n            autoplayHoverPause: true,\n            responsive: {\n                0: {\n                    items: 1 \/\/ Display one item on small screens\n                },\n                768: {\n                    items: 1 \/\/ Display one item on screens between 768px and 992px\n                },\n                992: {\n                    items: 2 \/\/ Display two items on larger screens\n                }\n            },\n            animateOut: 'fadeOut',\n            animateIn: 'fadeIn',\n            smartSpeed: 1000\n        });\n    });\n<\/script>","color_scheme":"","padding_top":0,"padding_bottom":0}},"image_banner_bkdU4K":{"type":"image-banner","blocks":{"heading_FDbwcw":{"type":"heading","settings":{"heading":"Purely pressed from farm to  bottles that hold nature's  essence.","heading_size":"h0"}},"buttons_VjM7Ni":{"type":"buttons","settings":{"button_label_1":"SHOP US ON AMAZON","button_link_1":"https:\/\/www.amazon.com\/stores\/page\/A07196E6-CDFC-4DA0-AAFC-4DC7EC1022E8?channel=shopify","button_style_secondary_1":false,"button_label_2":"","button_link_2":"","button_style_secondary_2":false}}},"block_order":["heading_FDbwcw","buttons_VjM7Ni"],"custom_css":[".button {background-color: #fff;}"],"settings":{"image":"shopify:\/\/shop_images\/amazon.jpg","image_overlay_opacity":0,"image_height":"medium","desktop_content_position":"middle-center","show_text_box":false,"desktop_content_alignment":"center","color_scheme":"scheme-3","image_behavior":"fixed","mobile_content_alignment":"center","stack_images_on_mobile":true,"show_text_below":false}}},"order":["image_banner_AJJXGV","banner","rich_text_reKfCB","product-grid","custom_liquid_ectxL9","custom_liquid_RemLVn","custom_liquid_PRwph4","custom_liquid_hCfH8p","custom_liquid_JiKNhn","rich_text_9L8gb3","custom_liquid_wmPkWy","image_banner_bkdU4K"]}