{"sections":{"main":{"type":"main-page","custom_css":[],"settings":{"padding_top":100,"padding_bottom":100}},"image_banner_3VH9dz":{"type":"image-banner","blocks":{"heading_dpbgaV":{"type":"heading","settings":{"heading":"Purely pressed from farm to bottles that hold nature's essence.","heading_size":"h0"}},"buttons_QrhYwn":{"type":"buttons","settings":{"button_label_1":"SHOP US ON AMAZON","button_link_1":"https:\/\/amazon.com\/stores\/page\/A07196E6-CDFC-4DA0-AAFC-4DC7EC1022E8","button_style_secondary_1":true,"button_label_2":"","button_link_2":"","button_style_secondary_2":false}}},"block_order":["heading_dpbgaV","buttons_QrhYwn"],"custom_css":[".button {background-color: #fff;}"],"settings":{"image":"shopify:\/\/shop_images\/amazon.jpg","image_overlay_opacity":0,"image_height":"medium","desktop_content_position":"middle-center","show_text_box":false,"desktop_content_alignment":"center","color_scheme":"scheme-3","image_behavior":"fixed","mobile_content_alignment":"center","stack_images_on_mobile":true,"show_text_below":false}}},"order":["main","image_banner_3VH9dz"]}