{"sections":{"main":{"type":"main-page","disabled":true,"settings":{"padding_top":28,"padding_bottom":28}},"custom_liquid_9HhN6T":{"type":"custom-liquid","settings":{"custom_liquid":"<section class=\"about-banner blogs-banner  position-relative\">\n    <img src=\"https:\/\/cdn.shopify.com\/s\/files\/1\/0584\/1204\/0269\/files\/blogbanner1.png?v=1716273764\" alt=\"top-right\"\n        class=\"banner-top-left\" data-aos=\"fade-right\" data-aos-easing=\"linear\" data-aos-duration=\"500\">\n   \n        <img src=\"https:\/\/cdn.shopify.com\/s\/files\/1\/0584\/1204\/0269\/files\/blogbanner2.png?v=1716273764\" alt=\"top-right\"\n        class=\"banner-top-right\" data-aos=\"fade-left\" data-aos-easing=\"linear\" data-aos-duration=\"750\">\n   \n   \n   \n        <img src=\"https:\/\/cdn.shopify.com\/s\/files\/1\/0584\/1204\/0269\/files\/blogbanner.png?v=1716273973\" alt=\"blogbanner\"\n        class=\"banner-bottom\" data-aos=\"fade-up\" data-aos-easing=\"linear\" data-aos-duration=\"1000\">\n\n\n\n    <div class=\"container\">\n        <h2>Insights and Resources<\/h2>\n \n    <\/div>\n<\/section>","color_scheme":"","padding_top":0,"padding_bottom":0}},"custom_liquid_ERAkCB":{"type":"custom-liquid","settings":{"custom_liquid":"<section class=\"category-tabs\">\n    <div class=\"category__blogs\">\n      <a href=\"https:\/\/kaesteo.myshopify.com\/pages\/blogs\" class=\"btn__new\"> All <\/a>\n      <a href=\"https:\/\/kaesteo.myshopify.com\/blogs\/hair-skin-care\" class=\"btn__new\"> Hair & Skin Care <\/a>\n      <a href=\"https:\/\/kaesteo.myshopify.com\/blogs\/oil-serums\" class=\"btn__new\"> Oils and serums<\/a>\n      <a href=\"https:\/\/kaesteo.myshopify.com\/blogs\/oral-health\" class=\"btn__new\">Oral Care <\/a>\n    <\/div>\n  <\/section>\n<section class=\"blog-settings\">\n    <label for=\"blog-sort-dropdown\">Sort Blogs By:<\/label>\n    <select id=\"blog-sort-dropdown\" name=\"blog-sort-dropdown\">\n      <option\n        value=\"recent\"\n        {% if request.params.sort_by == 'recent' %}\n          selected\n        {% endif %}\n      >\n        Recent Posts\n      <\/option>\n      <option\n        value=\"oldest\"\n        {% if request.params.sort_by == 'oldest' %}\n          selected\n        {% endif %}\n      >\n        Oldest Posts\n      <\/option>\n    <\/select>\n  <\/section>","color_scheme":"","padding_top":0,"padding_bottom":0}},"featured_blog_hBf46k":{"type":"featured-blog","custom_css":[],"settings":{"heading":"<strong>All Articles<\/strong>","heading_size":"h1","blog":"oral-care","post_limit":4,"columns_desktop":1,"color_scheme":"","show_image":true,"show_date":true,"show_author":false,"show_view_all":false,"padding_top":68,"padding_bottom":0}},"featured_blog_mKj4kB":{"type":"featured-blog","settings":{"heading":"","heading_size":"h1","blog":"hair-skin-care","post_limit":4,"columns_desktop":1,"color_scheme":"","show_image":true,"show_date":true,"show_author":false,"show_view_all":false,"padding_top":0,"padding_bottom":0}},"featured_blog_CCmRtV":{"type":"featured-blog","settings":{"heading":"","heading_size":"h1","blog":"oil-serums","post_limit":4,"columns_desktop":1,"color_scheme":"","show_image":true,"show_date":true,"show_author":false,"show_view_all":false,"padding_top":0,"padding_bottom":52}},"image_banner_U9Hw33":{"type":"image-banner","blocks":{"heading_rCWaPp":{"type":"heading","settings":{"heading":"Purely pressed from farm to  bottles that hold nature's  essence.","heading_size":"h0"}},"buttons_4fRKmJ":{"type":"buttons","settings":{"button_label_1":"SHOP US ON AMAZON","button_link_1":"#","button_style_secondary_1":false,"button_label_2":"","button_link_2":"","button_style_secondary_2":false}}},"block_order":["heading_rCWaPp","buttons_4fRKmJ"],"custom_css":[".button {background-color: #fff;}"],"settings":{"image":"shopify:\/\/shop_images\/amazon.jpg","image_overlay_opacity":0,"image_height":"medium","desktop_content_position":"middle-center","show_text_box":false,"desktop_content_alignment":"center","color_scheme":"scheme-3","image_behavior":"fixed","mobile_content_alignment":"center","stack_images_on_mobile":true,"show_text_below":false}}},"order":["main","custom_liquid_9HhN6T","custom_liquid_ERAkCB","featured_blog_hBf46k","featured_blog_mKj4kB","featured_blog_CCmRtV","image_banner_U9Hw33"]}