{"sections":{"page_kDmQfK":{"type":"page","settings":{"page":"accessibility","heading_size":"h1","color_scheme":"","padding_top":36,"padding_bottom":36}},"main":{"type":"main-page","disabled":true,"settings":{"padding_top":28,"padding_bottom":28}},"image_banner_U9Hw33":{"type":"image-banner","blocks":{"heading_rCWaPp":{"type":"heading","settings":{"heading":"Purely pressed from farm to  bottles that hold nature's  essence.","heading_size":"h0"}},"buttons_4fRKmJ":{"type":"buttons","settings":{"button_label_1":"SHOP US ON AMAZON","button_link_1":"#","button_style_secondary_1":false,"button_label_2":"","button_link_2":"","button_style_secondary_2":false}}},"block_order":["heading_rCWaPp","buttons_4fRKmJ"],"disabled":true,"custom_css":[".button {background-color: #fff;}"],"settings":{"image":"shopify:\/\/shop_images\/amazon.jpg","image_overlay_opacity":0,"image_height":"medium","desktop_content_position":"middle-center","show_text_box":false,"desktop_content_alignment":"center","color_scheme":"scheme-3","image_behavior":"fixed","mobile_content_alignment":"center","stack_images_on_mobile":true,"show_text_below":false}}},"order":["page_kDmQfK","main","image_banner_U9Hw33"]}