{"sections":{"main":{"type":"main-page","disabled":true,"settings":{"padding_top":28,"padding_bottom":28}},"custom_liquid_6JLgEw":{"type":"custom-liquid","custom_css":[],"settings":{"custom_liquid":"<section class=\"about-banner  position-relative\">\n    <img src=\"https:\/\/cdn.shopify.com\/s\/files\/1\/0584\/1204\/0269\/files\/banner-to-left.png?v=1712290306\" alt=\"top-left\"\n        class=\"banner-top-left\" data-aos=\"fade-down\" data-aos-easing=\"linear\" data-aos-duration=\"500\">\n    <img src=\"https:\/\/cdn.shopify.com\/s\/files\/1\/0584\/1204\/0269\/files\/banner-top-right.png?v=1712290306\" alt=\"top-right\"\n        class=\"banner-top-right\" data-aos=\"fade-down\" data-aos-easing=\"linear\" data-aos-duration=\"750\">\n    <img src=\"https:\/\/cdn.shopify.com\/s\/files\/1\/0584\/1204\/0269\/files\/banner-bottom.png?v=1712290307\" alt=\"top-left\"\n        class=\"banner-bottom\" data-aos=\"fade-up\" data-aos-easing=\"linear\" data-aos-duration=\"1000\">\n    <div class=\"container\">\n        <h1>KAES <br>TEO.<\/h1>\n        <p>Naturally Essential<\/p>\n    <\/div>\n<\/section>","color_scheme":"","padding_top":0,"padding_bottom":0}},"custom_liquid_Xz4B4q":{"type":"custom-liquid","settings":{"custom_liquid":"<section class=\"about-banner about-next-section  position-relative\">\n    <img src=\"https:\/\/cdn.shopify.com\/s\/files\/1\/0584\/1204\/0269\/files\/about-leaf.svg?v=1712550061\" alt=\"top-left\"\n        class=\"leaf-left\" data-aos=\"fade-down\" data-aos-easing=\"linear\" data-aos-duration=\"500\">\n    <img src=\"https:\/\/cdn.shopify.com\/s\/files\/1\/0584\/1204\/0269\/files\/leaf-right.png?v=1712292502\" alt=\"top-right\"\n        class=\"leaf-right\" data-aos=\"fade-down\" data-aos-easing=\"linear\" data-aos-duration=\"500\">\n    <img src=\"https:\/\/cdn.shopify.com\/s\/files\/1\/0584\/1204\/0269\/files\/flowers.png?v=1712292502\" alt=\"top-left\"\n        class=\"flowers-img\" data-aos=\"fade-down\" data-aos-easing=\"linear\" data-aos-duration=\"500\">\n    <img src=\"https:\/\/cdn.shopify.com\/s\/files\/1\/0584\/1204\/0269\/files\/seed.png?v=1712292506\" alt=\"top-left\"\n        class=\"seed-img\" >\n    <img src=\"https:\/\/cdn.shopify.com\/s\/files\/1\/0584\/1204\/0269\/files\/big-leaf-right.png?v=1712290306\" alt=\"top-left\"\n        class=\"big-leaf-right\" >\n    <img src=\"https:\/\/cdn.shopify.com\/s\/files\/1\/0584\/1204\/0269\/files\/big-leaf-left.png?v=1712290305\" alt=\"top-left\"\n        class=\"big-leaf-left\" >\n    <div class=\"container\">\n        <div class=\"row justify-content-center\">\n            <div class=\"col-lg-10\">\n                <h6 class=\"font-sm fw-400\">Born in the sacred terrains of India, it's not just a label but a tapestry of\n                    heritage and innovation. In a world where beauty is often obscured by fleeting trends and\n                    artificial enhancements, emerges a radiant beacon guiding us back to our roots - Kaes Teo.<\/h6>\n            <\/div>\n        <\/div>\n    <\/div>\n<\/section>","color_scheme":"","padding_top":0,"padding_bottom":0}},"custom_liquid_PaWzDG":{"type":"custom-liquid","custom_css":[],"settings":{"custom_liquid":"<section class=\"our-mission-section  position-relative\">\n  <img src=\"https:\/\/cdn.shopify.com\/s\/files\/1\/0584\/1204\/0269\/files\/green-leafs.png?v=1712292502\" alt=\"top-left\" class=\"green-leafs\">\n  <img src=\"https:\/\/cdn.shopify.com\/s\/files\/1\/0584\/1204\/0269\/files\/right-hand.png?v=1712292502\" alt=\"top-left\" class=\"right-hand\">\n  <img src=\"https:\/\/cdn.shopify.com\/s\/files\/1\/0584\/1204\/0269\/files\/left-hand.png?v=1712292503\" alt=\"top-left\" class=\"left-hand\">\n  <img src=\"https:\/\/cdn.shopify.com\/s\/files\/1\/0584\/1204\/0269\/files\/green-leafs.png?v=1712292502\" alt=\"top-left\" class=\"green-leafs-full\">\n  <div class=\"container\">\n      <div class=\"row justify-content-center mb-400\">\n          <div class=\"col-md-8\">\n              <h6 class=\"font-sm fw-400\">Kaes Teo is the guardian of an ancient legacy, a testament to the wisdom of our ancestors and Ayurveda. \n                Reflecting on the deeper meaning of it's name with \"Kaes\" symbolising purity and \"Teo\" symbolising a gift from god.<\/h6>\n          <\/div>\n      <\/div>\n      <div class=\"row justify-content-center \">\n          <div class=\"col-md-8\">\n              <h6 class=\"font-sm fw-400\">Our mission is clear, <br>\n                reintroduce the world to the ancient ayurvedic wisdom, revealing hidden treasures in ethically sourced products. Each drop of Kaes Teo tells a story of purity, uniting tradition with modern\n                  aspirations.<\/h6>\n          <\/div>\n      <\/div>\n  <\/div>\n<\/section>\n<section class=\"position-relative custom-video-section\" id=\"video__welcome\">\n<div class=\"video-wrapper\">\n  <video autoplay muted playsinline id=\"welcomeVideo\">\n      <source src=\"https:\/\/cdn.shopify.com\/videos\/c\/o\/v\/b93fefcb39b744b1ae04c4ae3f7b06e9.mp4\" type=\"video\/mp4\">\n      <!-- Add additional source elements for other video formats if needed -->\n      Your browser does not support the video tag.\n  <\/video>\n<\/div>\n<\/section>\n\n<script>\ndocument.addEventListener(\"DOMContentLoaded\", function() {\n  const video = document.getElementById('welcomeVideo');\n  video.addEventListener('ended', function() {\n    \/\/ This will be executed when the video ends\n    video.pause(); \/\/ Ensure the video is paused\n  });\n});\n<\/script>","color_scheme":"","padding_top":0,"padding_bottom":0}},"custom_liquid_zpcqKy":{"type":"custom-liquid","settings":{"custom_liquid":"<div class=\"marquee__area\">  \n<div class=\"marquee__section\">\n    <div class=\"logos-slide \">\n       <span>Zero Chemicals<\/span>\n       <img src=\"https:\/\/cdn.shopify.com\/s\/files\/1\/0584\/1204\/0269\/files\/flower.svg?v=1711600661\">\n       <span>Herbal<\/span>\n       <img src=\"https:\/\/cdn.shopify.com\/s\/files\/1\/0584\/1204\/0269\/files\/flower.svg?v=1711600661\">\n       <span>Unrefined<\/span>\n       <img src=\"https:\/\/cdn.shopify.com\/s\/files\/1\/0584\/1204\/0269\/files\/flower.svg?v=1711600661\">\n       <span>Cold Pressed<\/span>\n       <img src=\"https:\/\/cdn.shopify.com\/s\/files\/1\/0584\/1204\/0269\/files\/flower.svg?v=1711600661\">\n       <span>Healthier Skin<\/span>\n       <img src=\"https:\/\/cdn.shopify.com\/s\/files\/1\/0584\/1204\/0269\/files\/flower.svg?v=1711600661\">\n    <\/div>\n <\/div>\n <\/div>\n <script>\n    var copy = document.querySelector(\".logos-slide\").cloneNode(true);\n    document.querySelector(\".marquee__section\").appendChild(copy);\n <\/script>","color_scheme":"","padding_top":0,"padding_bottom":0}},"video_QcH9tz":{"type":"video","disabled":true,"settings":{"heading":"","heading_size":"h2","enable_video_looping":true,"video":"shopify:\/\/files\/videos\/Red-Door.mp4","video_url":"https:\/\/www.youtube.com\/watch?v=_9VUPq3SxOc","description":"","full_width":true,"color_scheme":"","padding_top":0,"padding_bottom":0}},"rich_text_pWkjnF":{"type":"rich-text","blocks":{"heading_dkxdX6":{"type":"heading","settings":{"heading":"OUR CLIENTS LOVE US","heading_size":"h2"}}},"block_order":["heading_dkxdX6"],"disabled":true,"custom_css":["h2 {font-size: 24px; color: #db5026;}",".rich-text.content-container {background-color: #fdf1c2;}"],"settings":{"desktop_content_position":"center","content_alignment":"center","color_scheme":"","full_width":true,"padding_top":40,"padding_bottom":0}},"custom_liquid_mdrR3j":{"type":"custom-liquid","disabled":true,"custom_css":[".testimonail-owl-slider .owl-item .item img {width: 100%; height: 100%; object-fit: cover;}",".testimonail-owl-slider .col-md-6.testimonial-content {display: flex; justify-content: center; align-items: start; flex-direction: column;}",".testimonail-owl-slider .testimonial-author {font-weight: bold; font-size: 16px;}",".testimonail-owl-slider {background-color: #fdf1c2; padding: 100px 0px; overflow: hidden;}",".testimonail-owl-slider .testimonial-content p {font-size: 22px; line-height: 28px;}"],"settings":{"custom_liquid":"<div class=\"testimonail-owl-slider\">\n    <div class=\"container-fluid\">\n        <div class=\"owl-carousel owl-theme\">\n            <div class=\"item\">\n                <div class=\"row\">\n                    <div class=\"col-md-6\">\n                        <img src=\"https:\/\/cdn.shopify.com\/s\/files\/1\/0584\/1204\/0269\/files\/image-1.png?v=1717583551\"\n                            alt=\"Product Image 1\">\n                    <\/div>\n                    <div class=\"col-md-6 testimonial-content\">\n                        <div class=\"star-rating mb-3\">\n                            <svg xmlns=\"http:\/\/www.w3.org\/2000\/svg\" width=\"20\" height=\"20\" viewBox=\"0 0 20 20\"\n                                fill=\"none\">\n                                <path\n                                    d=\"M10 0L13.09 6.26L20 7.27L15 12.14L16.18 19.02L10 15.77L3.82 19.02L5 12.14L0 7.27L6.91 6.26L10 0Z\"\n                                    fill=\"black\" \/>\n                            <\/svg>\n                            <svg xmlns=\"http:\/\/www.w3.org\/2000\/svg\" width=\"20\" height=\"20\" viewBox=\"0 0 20 20\"\n                                fill=\"none\">\n                                <path\n                                    d=\"M10 0L13.09 6.26L20 7.27L15 12.14L16.18 19.02L10 15.77L3.82 19.02L5 12.14L0 7.27L6.91 6.26L10 0Z\"\n                                    fill=\"black\" \/>\n                            <\/svg>\n                            <svg xmlns=\"http:\/\/www.w3.org\/2000\/svg\" width=\"20\" height=\"20\" viewBox=\"0 0 20 20\"\n                                fill=\"none\">\n                                <path\n                                    d=\"M10 0L13.09 6.26L20 7.27L15 12.14L16.18 19.02L10 15.77L3.82 19.02L5 12.14L0 7.27L6.91 6.26L10 0Z\"\n                                    fill=\"black\" \/>\n                            <\/svg>\n                            <svg xmlns=\"http:\/\/www.w3.org\/2000\/svg\" width=\"20\" height=\"20\" viewBox=\"0 0 20 20\"\n                                fill=\"none\">\n                                <path\n                                    d=\"M10 0L13.09 6.26L20 7.27L15 12.14L16.18 19.02L10 15.77L3.82 19.02L5 12.14L0 7.27L6.91 6.26L10 0Z\"\n                                    fill=\"black\" \/>\n                            <\/svg>\n                            <svg xmlns=\"http:\/\/www.w3.org\/2000\/svg\" width=\"20\" height=\"20\" viewBox=\"0 0 20 20\"\n                                fill=\"none\">\n                                <path\n                                    d=\"M10 0L13.09 6.26L20 7.27L15 12.14L16.18 19.02L10 15.77L3.82 19.02L5 12.14L0 7.27L6.91 6.26L10 0Z\"\n                                    fill=\"black\" \/>\n                            <\/svg>\n                        <\/div>\n                        <p>\"I've been using Kaes Teo's Pure Castor Oil for a few months now, my hair has never felt\n                            healthier! It's super moisturizing and has cut down breakage a lot. Highly recommend it to\n                            anyone looking to step up their hair game.\"\n                        <\/p>\n                        <p class=\"testimonial-author\">Sarah M, New York<\/p>\n                    <\/div>\n                <\/div>\n            <\/div>\n            <div class=\"item\">\n                <div class=\"row\">\n                    <div class=\"col-md-6\">\n                        <img src=\"https:\/\/cdn.shopify.com\/s\/files\/1\/0584\/1204\/0269\/files\/image-2.png?v=1717583551\"\n                            alt=\"Product Image 2\">\n                    <\/div>\n                    <div class=\"col-md-6 testimonial-content\">\n                        <div class=\"star-rating mb-3\">\n                            <svg xmlns=\"http:\/\/www.w3.org\/2000\/svg\" width=\"20\" height=\"20\" viewBox=\"0 0 20 20\"\n                                fill=\"none\">\n                                <path\n                                    d=\"M10 0L13.09 6.26L20 7.27L15 12.14L16.18 19.02L10 15.77L3.82 19.02L5 12.14L0 7.27L6.91 6.26L10 0Z\"\n                                    fill=\"black\" \/>\n                            <\/svg>\n                            <svg xmlns=\"http:\/\/www.w3.org\/2000\/svg\" width=\"20\" height=\"20\" viewBox=\"0 0 20 20\"\n                                fill=\"none\">\n                                <path\n                                    d=\"M10 0L13.09 6.26L20 7.27L15 12.14L16.18 19.02L10 15.77L3.82 19.02L5 12.14L0 7.27L6.91 6.26L10 0Z\"\n                                    fill=\"black\" \/>\n                            <\/svg>\n                            <svg xmlns=\"http:\/\/www.w3.org\/2000\/svg\" width=\"20\" height=\"20\" viewBox=\"0 0 20 20\"\n                                fill=\"none\">\n                                <path\n                                    d=\"M10 0L13.09 6.26L20 7.27L15 12.14L16.18 19.02L10 15.77L3.82 19.02L5 12.14L0 7.27L6.91 6.26L10 0Z\"\n                                    fill=\"black\" \/>\n                            <\/svg>\n                            <svg xmlns=\"http:\/\/www.w3.org\/2000\/svg\" width=\"20\" height=\"20\" viewBox=\"0 0 20 20\"\n                                fill=\"none\">\n                                <path\n                                    d=\"M10 0L13.09 6.26L20 7.27L15 12.14L16.18 19.02L10 15.77L3.82 19.02L5 12.14L0 7.27L6.91 6.26L10 0Z\"\n                                    fill=\"black\" \/>\n                            <\/svg>\n                            <svg xmlns=\"http:\/\/www.w3.org\/2000\/svg\" width=\"20\" height=\"20\" viewBox=\"0 0 20 20\"\n                                fill=\"none\">\n                                <path\n                                    d=\"M10 0L13.09 6.26L20 7.27L15 12.14L16.18 19.02L10 15.77L3.82 19.02L5 12.14L0 7.27L6.91 6.26L10 0Z\"\n                                    fill=\"black\" \/>\n                            <\/svg>\n                        <\/div>\n                        <p>\"Kaes Teo's Black Castor Oil is a game-changer for my scalp. It soothes irritation and\n                            promotes hair growth like nothing else I've tried. My hair is thicker and stronger, I\n                            couldn't be happier with it!\"\n                        <\/p>\n                        <p class=\"testimonial-author\">Jason L, California<\/p>\n                    <\/div>\n                <\/div>\n            <\/div>\n            <div class=\"item\">\n                <div class=\"row\">\n                    <div class=\"col-md-6\">\n                        <img src=\"https:\/\/cdn.shopify.com\/s\/files\/1\/0584\/1204\/0269\/files\/image-3.png?v=1717583551\"\n                            alt=\"Product Image 3\">\n                    <\/div>\n                    <div class=\"col-md-6 testimonial-content\">\n                        <div class=\"star-rating mb-3\">\n                            <svg xmlns=\"http:\/\/www.w3.org\/2000\/svg\" width=\"20\" height=\"20\" viewBox=\"0 0 20 20\"\n                                fill=\"none\">\n                                <path\n                                    d=\"M10 0L13.09 6.26L20 7.27L15 12.14L16.18 19.02L10 15.77L3.82 19.02L5 12.14L0 7.27L6.91 6.26L10 0Z\"\n                                    fill=\"black\" \/>\n                            <\/svg>\n                            <svg xmlns=\"http:\/\/www.w3.org\/2000\/svg\" width=\"20\" height=\"20\" viewBox=\"0 0 20 20\"\n                                fill=\"none\">\n                                <path\n                                    d=\"M10 0L13.09 6.26L20 7.27L15 12.14L16.18 19.02L10 15.77L3.82 19.02L5 12.14L0 7.27L6.91 6.26L10 0Z\"\n                                    fill=\"black\" \/>\n                            <\/svg>\n                            <svg xmlns=\"http:\/\/www.w3.org\/2000\/svg\" width=\"20\" height=\"20\" viewBox=\"0 0 20 20\"\n                                fill=\"none\">\n                                <path\n                                    d=\"M10 0L13.09 6.26L20 7.27L15 12.14L16.18 19.02L10 15.77L3.82 19.02L5 12.14L0 7.27L6.91 6.26L10 0Z\"\n                                    fill=\"black\" \/>\n                            <\/svg>\n                            <svg xmlns=\"http:\/\/www.w3.org\/2000\/svg\" width=\"20\" height=\"20\" viewBox=\"0 0 20 20\"\n                                fill=\"none\">\n                                <path\n                                    d=\"M10 0L13.09 6.26L20 7.27L15 12.14L16.18 19.02L10 15.77L3.82 19.02L5 12.14L0 7.27L6.91 6.26L10 0Z\"\n                                    fill=\"black\" \/>\n                            <\/svg>\n                            <svg xmlns=\"http:\/\/www.w3.org\/2000\/svg\" width=\"20\" height=\"20\" viewBox=\"0 0 20 20\"\n                                fill=\"none\">\n                                <path\n                                    d=\"M10 0L13.09 6.26L20 7.27L15 12.14L16.18 19.02L10 15.77L3.82 19.02L5 12.14L0 7.27L6.91 6.26L10 0Z\"\n                                    fill=\"black\" \/>\n                            <\/svg>\n                        <\/div>\n                        <p>\"I started oil pulling with Kaes Teo's Pulling Oil, and wow, my teeth are whiter and my gums\n                            feel so much healthier. Plus, it leaves my mouth feeling fresh all day. Never going back to\n                            regular mouthwash!\"\n                        <\/p>\n                        <p class=\"testimonial-author\">Emily S, Florida<\/p>\n                    <\/div>\n                <\/div>\n            <\/div>\n            <div class=\"item\">\n                <div class=\"row\">\n                    <div class=\"col-md-6\">\n                        <img src=\"https:\/\/cdn.shopify.com\/s\/files\/1\/0584\/1204\/0269\/files\/image-4.png?v=1717583621\"\n                            alt=\"Product Image 4\">\n                    <\/div>\n                    <div class=\"col-md-6 testimonial-content\">\n                        <div class=\"star-rating mb-3\">\n                            <svg xmlns=\"http:\/\/www.w3.org\/2000\/svg\" width=\"20\" height=\"20\" viewBox=\"0 0 20 20\"\n                                fill=\"none\">\n                                <path\n                                    d=\"M10 0L13.09 6.26L20 7.27L15 12.14L16.18 19.02L10 15.77L3.82 19.02L5 12.14L0 7.27L6.91 6.26L10 0Z\"\n                                    fill=\"black\" \/>\n                            <\/svg>\n                            <svg xmlns=\"http:\/\/www.w3.org\/2000\/svg\" width=\"20\" height=\"20\" viewBox=\"0 0 20 20\"\n                                fill=\"none\">\n                                <path\n                                    d=\"M10 0L13.09 6.26L20 7.27L15 12.14L16.18 19.02L10 15.77L3.82 19.02L5 12.14L0 7.27L6.91 6.26L10 0Z\"\n                                    fill=\"black\" \/>\n                            <\/svg>\n                            <svg xmlns=\"http:\/\/www.w3.org\/2000\/svg\" width=\"20\" height=\"20\" viewBox=\"0 0 20 20\"\n                                fill=\"none\">\n                                <path\n                                    d=\"M10 0L13.09 6.26L20 7.27L15 12.14L16.18 19.02L10 15.77L3.82 19.02L5 12.14L0 7.27L6.91 6.26L10 0Z\"\n                                    fill=\"black\" \/>\n                            <\/svg>\n                            <svg xmlns=\"http:\/\/www.w3.org\/2000\/svg\" width=\"20\" height=\"20\" viewBox=\"0 0 20 20\"\n                                fill=\"none\">\n                                <path\n                                    d=\"M10 0L13.09 6.26L20 7.27L15 12.14L16.18 19.02L10 15.77L3.82 19.02L5 12.14L0 7.27L6.91 6.26L10 0Z\"\n                                    fill=\"black\" \/>\n                            <\/svg>\n                            <svg xmlns=\"http:\/\/www.w3.org\/2000\/svg\" width=\"20\" height=\"20\" viewBox=\"0 0 20 20\"\n                                fill=\"none\">\n                                <path\n                                    d=\"M10 0L13.09 6.26L20 7.27L15 12.14L16.18 19.02L10 15.77L3.82 19.02L5 12.14L0 7.27L6.91 6.26L10 0Z\"\n                                    fill=\"black\" \/>\n                            <\/svg>\n                        <\/div>\n                        <p>\"Kaes Teo's Pure Castor Oil is now a must in my skincare routine. It’s fantastic for\n                            hydrating my skin and has really helped with my scars. A little goes a long way, and the\n                            quality is amazing!\"\n                        <\/p>\n                        <p class=\"testimonial-author\">Jessica R, Texas<\/p>\n                    <\/div>\n                <\/div>\n            <\/div>\n            <div class=\"item\">\n                <div class=\"row\">\n                    <div class=\"col-md-6\">\n                        <img src=\"https:\/\/cdn.shopify.com\/s\/files\/1\/0584\/1204\/0269\/files\/image-5.png?v=1717583615\"\n                            alt=\"Product Image 5\">\n                    <\/div>\n                    <div class=\"col-md-6 testimonial-content\">\n                        <div class=\"star-rating mb-3\">\n                            <svg xmlns=\"http:\/\/www.w3.org\/2000\/svg\" width=\"20\" height=\"20\" viewBox=\"0 0 20 20\"\n                                fill=\"none\">\n                                <path\n                                    d=\"M10 0L13.09 6.26L20 7.27L15 12.14L16.18 19.02L10 15.77L3.82 19.02L5 12.14L0 7.27L6.91 6.26L10 0Z\"\n                                    fill=\"black\" \/>\n                            <\/svg>\n                            <svg xmlns=\"http:\/\/www.w3.org\/2000\/svg\" width=\"20\" height=\"20\" viewBox=\"0 0 20 20\"\n                                fill=\"none\">\n                                <path\n                                    d=\"M10 0L13.09 6.26L20 7.27L15 12.14L16.18 19.02L10 15.77L3.82 19.02L5 12.14L0 7.27L6.91 6.26L10 0Z\"\n                                    fill=\"black\" \/>\n                            <\/svg>\n                            <svg xmlns=\"http:\/\/www.w3.org\/2000\/svg\" width=\"20\" height=\"20\" viewBox=\"0 0 20 20\"\n                                fill=\"none\">\n                                <path\n                                    d=\"M10 0L13.09 6.26L20 7.27L15 12.14L16.18 19.02L10 15.77L3.82 19.02L5 12.14L0 7.27L6.91 6.26L10 0Z\"\n                                    fill=\"black\" \/>\n                            <\/svg>\n                            <svg xmlns=\"http:\/\/www.w3.org\/2000\/svg\" width=\"20\" height=\"20\" viewBox=\"0 0 20 20\"\n                                fill=\"none\">\n                                <path\n                                    d=\"M10 0L13.09 6.26L20 7.27L15 12.14L16.18 19.02L10 15.77L3.82 19.02L5 12.14L0 7.27L6.91 6.26L10 0Z\"\n                                    fill=\"black\" \/>\n                            <\/svg>\n                            <svg xmlns=\"http:\/\/www.w3.org\/2000\/svg\" width=\"20\" height=\"20\" viewBox=\"0 0 20 20\"\n                                fill=\"none\">\n                                <path\n                                    d=\"M10 0L13.09 6.26L20 7.27L15 12.14L16.18 19.02L10 15.77L3.82 19.02L5 12.14L0 7.27L6.91 6.26L10 0Z\"\n                                    fill=\"black\" \/>\n                            <\/svg>\n                        <\/div>\n                        <p>\"I've had dandruff for years, but Kaes Teo's Black Castor Oil has been a lifesaver. It not\n                            only helps with the flakes but leaves my hair feeling soft and nourished. So grateful for\n                            this product!\"\n                        <\/p>\n                        <p class=\"testimonial-author\">Michael H, Illinois<\/p>\n                    <\/div>\n                <\/div>\n            <\/div>\n            <div class=\"item\">\n                <div class=\"row\">\n                    <div class=\"col-md-6\">\n                        <img src=\"https:\/\/cdn.shopify.com\/s\/files\/1\/0584\/1204\/0269\/files\/image-6.png?v=1717583550\"\n                            alt=\"Product Image 6\">\n                    <\/div>\n                    <div class=\"col-md-6 testimonial-content\">\n                        <div class=\"star-rating mb-3\">\n                            <svg xmlns=\"http:\/\/www.w3.org\/2000\/svg\" width=\"20\" height=\"20\" viewBox=\"0 0 20 20\"\n                                fill=\"none\">\n                                <path\n                                    d=\"M10 0L13.09 6.26L20 7.27L15 12.14L16.18 19.02L10 15.77L3.82 19.02L5 12.14L0 7.27L6.91 6.26L10 0Z\"\n                                    fill=\"black\" \/>\n                            <\/svg>\n                            <svg xmlns=\"http:\/\/www.w3.org\/2000\/svg\" width=\"20\" height=\"20\" viewBox=\"0 0 20 20\"\n                                fill=\"none\">\n                                <path\n                                    d=\"M10 0L13.09 6.26L20 7.27L15 12.14L16.18 19.02L10 15.77L3.82 19.02L5 12.14L0 7.27L6.91 6.26L10 0Z\"\n                                    fill=\"black\" \/>\n                            <\/svg>\n                            <svg xmlns=\"http:\/\/www.w3.org\/2000\/svg\" width=\"20\" height=\"20\" viewBox=\"0 0 20 20\"\n                                fill=\"none\">\n                                <path\n                                    d=\"M10 0L13.09 6.26L20 7.27L15 12.14L16.18 19.02L10 15.77L3.82 19.02L5 12.14L0 7.27L6.91 6.26L10 0Z\"\n                                    fill=\"black\" \/>\n                            <\/svg>\n                            <svg xmlns=\"http:\/\/www.w3.org\/2000\/svg\" width=\"20\" height=\"20\" viewBox=\"0 0 20 20\"\n                                fill=\"none\">\n                                <path\n                                    d=\"M10 0L13.09 6.26L20 7.27L15 12.14L16.18 19.02L10 15.77L3.82 19.02L5 12.14L0 7.27L6.91 6.26L10 0Z\"\n                                    fill=\"black\" \/>\n                            <\/svg>\n                            <svg xmlns=\"http:\/\/www.w3.org\/2000\/svg\" width=\"20\" height=\"20\" viewBox=\"0 0 20 20\"\n                                fill=\"none\">\n                                <path\n                                    d=\"M10 0L13.09 6.26L20 7.27L15 12.14L16.18 19.02L10 15.77L3.82 19.02L5 12.14L0 7.27L6.91 6.26L10 0Z\"\n                                    fill=\"black\" \/>\n                            <\/svg>\n                        <\/div>\n                        <p>\"The Pulling Oil from Kaes Teo is fantastic! I was sceptical, but after a few weeks, my teeth\n                            are visibly brighter and my overall oral hygiene feels improved. It's now a must-have in my\n                            morning routine.\"\n                        <\/p>\n                        <p class=\"testimonial-author\">Laura K, Colorado<\/p>\n                    <\/div>\n                <\/div>\n            <\/div>\n                        <div class=\"item\">\n                <div class=\"row\">\n                    <div class=\"col-md-6\">\n                        <img src=\"https:\/\/cdn.shopify.com\/s\/files\/1\/0584\/1204\/0269\/files\/image-7.png?v=1717583551\"\n                            alt=\"Product Image 7\">\n                    <\/div>\n                    <div class=\"col-md-6 testimonial-content\">\n                        <div class=\"star-rating mb-3\">\n                            <svg xmlns=\"http:\/\/www.w3.org\/2000\/svg\" width=\"20\" height=\"20\" viewBox=\"0 0 20 20\"\n                                fill=\"none\">\n                                <path\n                                    d=\"M10 0L13.09 6.26L20 7.27L15 12.14L16.18 19.02L10 15.77L3.82 19.02L5 12.14L0 7.27L6.91 6.26L10 0Z\"\n                                    fill=\"black\" \/>\n                            <\/svg>\n                            <svg xmlns=\"http:\/\/www.w3.org\/2000\/svg\" width=\"20\" height=\"20\" viewBox=\"0 0 20 20\"\n                                fill=\"none\">\n                                <path\n                                    d=\"M10 0L13.09 6.26L20 7.27L15 12.14L16.18 19.02L10 15.77L3.82 19.02L5 12.14L0 7.27L6.91 6.26L10 0Z\"\n                                    fill=\"black\" \/>\n                            <\/svg>\n                            <svg xmlns=\"http:\/\/www.w3.org\/2000\/svg\" width=\"20\" height=\"20\" viewBox=\"0 0 20 20\"\n                                fill=\"none\">\n                                <path\n                                    d=\"M10 0L13.09 6.26L20 7.27L15 12.14L16.18 19.02L10 15.77L3.82 19.02L5 12.14L0 7.27L6.91 6.26L10 0Z\"\n                                    fill=\"black\" \/>\n                            <\/svg>\n                            <svg xmlns=\"http:\/\/www.w3.org\/2000\/svg\" width=\"20\" height=\"20\" viewBox=\"0 0 20 20\"\n                                fill=\"none\">\n                                <path\n                                    d=\"M10 0L13.09 6.26L20 7.27L15 12.14L16.18 19.02L10 15.77L3.82 19.02L5 12.14L0 7.27L6.91 6.26L10 0Z\"\n                                    fill=\"black\" \/>\n                            <\/svg>\n                            <svg xmlns=\"http:\/\/www.w3.org\/2000\/svg\" width=\"20\" height=\"20\" viewBox=\"0 0 20 20\"\n                                fill=\"none\">\n                                <path\n                                    d=\"M10 0L13.09 6.26L20 7.27L15 12.14L16.18 19.02L10 15.77L3.82 19.02L5 12.14L0 7.27L6.91 6.26L10 0Z\"\n                                    fill=\"black\" \/>\n                            <\/svg>\n                        <\/div>\n                        <p>\"After using Kaes Teo’s Pulling Oil for just a month, I noticed a huge improvement in my oral health. It’s such a natural and effective product. My mouth feels cleaner and my breath is fresher all day.\"\n                        <\/p>\n                        <p class=\"testimonial-author\">David P, Ohio<\/p>\n                    <\/div>\n                <\/div>\n            <\/div>\n            <!-- Repeat similar structure for other items -->\n        <\/div>\n    <\/div>\n<\/div>\n<script>\n    $(document).ready(function () {\n        $(\".owl-carousel\").owlCarousel({\n            loop: true,\n            margin: 10,\n            nav: false,\n            autoplay: true,\n            autoplayTimeout: 2000,\n            autoplayHoverPause: true,\n            responsive: {\n                0: {\n                    items: 1 \/\/ Display one item on small screens\n                },\n                768: {\n                    items: 1 \/\/ Display one item on screens between 768px and 992px\n                },\n                992: {\n                    items: 2 \/\/ Display two items on larger screens\n                }\n            },\n            animateOut: 'fadeOut',\n            animateIn: 'fadeIn',\n            smartSpeed: 1000\n        });\n    });\n<\/script>","color_scheme":"","padding_top":0,"padding_bottom":0}},"image_banner_U9Hw33":{"type":"image-banner","blocks":{"heading_rCWaPp":{"type":"heading","settings":{"heading":"Purely pressed  from farm to  bottles that hold nature's  essence.","heading_size":"h0"}},"buttons_4fRKmJ":{"type":"buttons","settings":{"button_label_1":"SHOP US ON AMAZON","button_link_1":"https:\/\/amazon.com\/stores\/page\/A07196E6-CDFC-4DA0-AAFC-4DC7EC1022E8","button_style_secondary_1":false,"button_label_2":"","button_link_2":"","button_style_secondary_2":false}}},"block_order":["heading_rCWaPp","buttons_4fRKmJ"],"custom_css":[".button {background-color: #fff;}"],"settings":{"image":"shopify:\/\/shop_images\/amazon.jpg","image_overlay_opacity":0,"image_height":"medium","desktop_content_position":"middle-center","show_text_box":false,"desktop_content_alignment":"center","color_scheme":"scheme-3","image_behavior":"fixed","mobile_content_alignment":"center","stack_images_on_mobile":true,"show_text_below":false}}},"order":["main","custom_liquid_6JLgEw","custom_liquid_Xz4B4q","custom_liquid_PaWzDG","custom_liquid_zpcqKy","video_QcH9tz","rich_text_pWkjnF","custom_liquid_mdrR3j","image_banner_U9Hw33"]}