{"sections":{"main":{"type":"main-product","blocks":{"vendor":{"type":"text","settings":{"text":"Oral Care","text_style":"uppercase"}},"title":{"type":"title","settings":{}},"variant_picker":{"type":"variant_picker","settings":{"picker_type":"button","swatch_shape":"circle"}},"price":{"type":"price","settings":{}},"quantity_selector":{"type":"quantity_selector","settings":{}},"buy_buttons":{"type":"buy_buttons","settings":{"show_dynamic_checkout":false,"show_gift_card_recipient":false}},"text_XDpixP":{"type":"text","disabled":true,"settings":{"text":"Description","text_style":"uppercase"}},"description":{"type":"description","disabled":true,"settings":{}},"text_Hw4mTx":{"type":"text","settings":{"text":"Key Ingredients","text_style":"uppercase"}},"text_cbr8Tm":{"type":"text","settings":{"text":"Coconut MCT Oil, Peppermint Oil, Clove Bud Oil","text_style":"body"}}},"block_order":["vendor","title","variant_picker","price","quantity_selector","buy_buttons","text_XDpixP","description","text_Hw4mTx","text_cbr8Tm"],"custom_css":[],"settings":{"enable_sticky_info":true,"color_scheme":"scheme-1","media_size":"large","constrain_to_viewport":true,"media_fit":"contain","gallery_layout":"thumbnail","media_position":"left","image_zoom":"none","mobile_thumbnails":"hide","hide_variants":true,"enable_video_looping":false,"padding_top":40,"padding_bottom":40}},"rich_text_bpNRXT":{"type":"rich-text","blocks":{"heading_d7PRK6":{"type":"heading","settings":{"heading":"Smile Brighter & Bigger","heading_size":"h1"}},"text_LFacU8":{"type":"text","settings":{"text":"<p>With antimicrobial properties from coconut oil and the added benefit of cinnamon's antibacterial prowess, it provides a gentle yet effective way to cleanse and revitalize your oral hygiene routine.<\/p>"}}},"block_order":["heading_d7PRK6","text_LFacU8"],"disabled":true,"settings":{"desktop_content_position":"center","content_alignment":"center","color_scheme":"","full_width":true,"padding_top":100,"padding_bottom":52}},"image_banner_ezXpRE":{"type":"image-banner","disabled":true,"settings":{"image":"shopify:\/\/shop_images\/image_2.jpg","image_overlay_opacity":0,"image_height":"adapt","desktop_content_position":"middle-center","show_text_box":true,"desktop_content_alignment":"center","color_scheme":"","image_behavior":"none","mobile_content_alignment":"center","stack_images_on_mobile":true,"show_text_below":false}},"custom_liquid_nEQbrd":{"type":"custom-liquid","settings":{"custom_liquid":"<div class=\"mct-oil\">\n        <div class=\"container-fluid\">\n            <div class=\"mct-image\">\n                <img src=\"https:\/\/cdn.shopify.com\/s\/files\/1\/0584\/1204\/0269\/files\/Rectangle_87.png?v=1716279461\"\n                    alt=\"image\">\n            <\/div>\n            <div class=\"mct-content\">\n                <p>Coconut MCT Oil serves as an excellent carrier oil, which means it helps in the effective absorption\n                    and\n                    delivery of the\n                    active components of mint\/ cinnamon oils into the gums and teeth. This enhances the overall efficacy\n                    of\n                    the oil pulling\n                    process.<\/p>\n            <\/div>\n        <\/div>\n    <\/div>","color_scheme":"","padding_top":0,"padding_bottom":0}},"custom_liquid_AkAbTc":{"type":"custom-liquid","settings":{"custom_liquid":"<div class=\"key-highlight\">\n    <div class=\"container-fluid\">\n        <div class=\"row\">\n            <div class=\"col-lg-6 col-sm-12 col-12\">\n                <div class=\"keytouse\">\n                    <h2 class=\"text-key\">KEY HIGHLIGHTS<\/h2>\n                    <div class=\"accordion\" id=\"accordionExample\">\n                        <div class=\"accordion-item\">\n                            <h2 class=\"accordion-header\" id=\"headingOne\">\n                                <button class=\"accordion-button\" type=\"button\" data-bs-toggle=\"collapse\"\n                                    data-bs-target=\"#collapseOne\" aria-expanded=\"true\" aria-controls=\"collapseOne\">\n                                    <span>1.<\/span> Ayurvedic-Inspired Whitening Pulling Oil\n\n                                <\/button>\n                            <\/h2>\n                            <div id=\"collapseOne\" class=\"accordion-collapse collapse show\" aria-labelledby=\"headingOne\"\n                                data-bs-parent=\"#accordionExample\">\n                                <div class=\"accordion-body\">\n                                    Kaes Teo Whitening Pulling Oil is a natural pre-brush rinse\n                                    inspired by Ayurvedic practices. With a lighter density than traditional coconut, it\n                                    comes in an 8 fl oz bottle and includes a convenient tongue scraper for a complete\n                                    oral care experience.\n                                <\/div>\n                            <\/div>\n                        <\/div>\n                        <div class=\"accordion-item\">\n                            <h2 class=\"accordion-header\" id=\"headingTwo\">\n                                <button class=\"accordion-button collapsed\" type=\"button\" data-bs-toggle=\"collapse\"\n                                    data-bs-target=\"#collapseTwo\" aria-expanded=\"false\" aria-controls=\"collapseTwo\">\n                                    <span>2.<\/span> Alcohol Free, Pure Ingredients\n\n                                <\/button>\n                            <\/h2>\n                            <div id=\"collapseTwo\" class=\"accordion-collapse collapse\" aria-labelledby=\"headingTwo\"\n                                data-bs-parent=\"#accordionExample\">\n\n                                <div class=\"accordion-body\">\n                                    This alcohol-free formula features 100% pure and natural MCT Coconut Oil combined\n                                    with Cinnamon Essential Oil & Clove Oil. Its hydrophobic, lipid-inspired properties\n                                    help enhance your daily oral care routine, promoting fresh breath and a clean mouth.\n                                <\/div>\n                            <\/div>\n                        <\/div>\n                        <div class=\"accordion-item\">\n                            <h2 class=\"accordion-header\" id=\"headingThree\">\n                                <button class=\"accordion-button collapsed\" type=\"button\" data-bs-toggle=\"collapse\"\n                                    data-bs-target=\"#collapseThree\" aria-expanded=\"false\" aria-controls=\"collapseThree\">\n                                    <span>3.<\/span>Supports Brighter Teeth & Fresh Breath\n                                <\/button>\n                            <\/h2>\n                            <div id=\"collapseThree\" class=\"accordion-collapse collapse\" aria-labelledby=\"headingThree\"\n                                data-bs-parent=\"#accordionExample\">\n                                <div class=\"accordion-body\">\n                                    Kaes Teo Whitening Pulling Oil aids in increasing saliva production and effective\n                                    plaque removal, helping to support a whiter, brighter smile and fresher breath. It's\n                                    designed as a preventive oral care measure, complementing, not replacing,\n                                    professional dental care.\n                                <\/div>\n                            <\/div>\n                        <\/div>\n                        <div class=\"accordion-item\">\n                            <h2 class=\"accordion-header\" id=\"headingFour\">\n                                <button class=\"accordion-button collapsed\" type=\"button\" data-bs-toggle=\"collapse\"\n                                    data-bs-target=\"#collapseFour\" aria-expanded=\"false\" aria-controls=\"collapseFour\">\n                                    <span>4.<\/span>Crafted in India with Ayurvedic Wisdom\n                                <\/button>\n                            <\/h2>\n                            <div id=\"collapseFour\" class=\"accordion-collapse collapse\" aria-labelledby=\"headingFour\"\n                                data-bs-parent=\"#accordionExample\">\n                                <div class=\"accordion-body\">\n                                    Proudly made in India, Kaes Teo Whitening Pulling Oil is inspired by the ancient\n                                    wisdom of Ayurveda. This product blends international and domestic ingredients to\n                                    offer a natural, effective oral care solution. Free from fluoride and added\n                                    preservatives, it's safe for adults and children aged 12 and up (with supervision).\n                                <\/div>\n                            <\/div>\n                        <\/div>\n                        <div class=\"accordion-item\">\n                            <h2 class=\"accordion-header\" id=\"headingFive\">\n                                <button class=\"accordion-button collapsed\" type=\"button\" data-bs-toggle=\"collapse\"\n                                    data-bs-target=\"#collapseFive\" aria-expanded=\"false\" aria-controls=\"collapseFive\">\n                                    <span>5.<\/span>Easy-to-Use Routine\n\n                                <\/button>\n                            <\/h2>\n                            <div id=\"collapseFive\" class=\"accordion-collapse collapse\" aria-labelledby=\"headingFive\"\n                                data-bs-parent=\"#accordionExample\">\n                                <div class=\"accordion-body\">\n                                    Pour 10-15ml of oil into the provided measuring cup, swish in your mouth for 2\n                                    minutes, and gradually increase up to 10 minutes. Spit the used oil into the trash\n                                    to avoid clogging pipes. For optimal results, use daily on an empty stomach each\n                                    morning\n\n                                <\/div>\n                            <\/div>\n                        <\/div>\n                    <\/div>\n                <\/div>\n            <\/div>\n            <div class=\"col-lg-6 col-sm-12 col-12\">\n                <div class=\"keyImage\">\n                    <img src=\"https:\/\/cdn.shopify.com\/s\/files\/1\/0584\/1204\/0269\/files\/mint-bottle.png?v=1727687613\"\n                        alt=\"image\">\n\n                <\/div>\n            <\/div>\n        <\/div>\n    <\/div>\n<\/div>","color_scheme":"","padding_top":40,"padding_bottom":52}},"custom_liquid_8nQdXz":{"type":"custom-liquid","settings":{"custom_liquid":"<div class=\"how-to-use how-to-use2\">\n    <div class=\"container-fluid\">\n        <div class=\"row\">\n            <div class=\"col-lg-6\">\n                <div class=\"howtouse\">\n                    <h6>HOW TO USE<\/h6>\n                    <ol>\n                        <li>Put a tablespoon or so of oil into your mouth. <\/li>\n                        <li> Swish the oil around your mouth. Just be careful you do not swallow it. <\/li>\n                        <li> Start by oil pulling for 5 minutes, then gradually increase your time as<\/li>\n                        <li>According to Ayurvedic practices, that gives the oil enough time to draw out toxins and\n                            leave your\n                            mouth clean.\n                        <\/li>\n                        <li> Swish it from side to side and force it through your teeth. <\/li>\n                        <li> When you’re done, spit the oil into the trash. It will look frothy and white after so long\n                            being\n                            swished around.\n                        <\/li>\n                        <li>Brush your teeth and rinse your mouth well to remove any remaining toxins or oil from your\n                            mouth. <\/li>\n                    <\/ol>\n                <\/div>\n            <\/div>\n            <div class=\"col-lg-6 col-sm-12 col-12\">\n                <div class=\"howtouse-image\">\n                    <img src=\"https:\/\/kaesteo.myshopify.com\/cdn\/shop\/files\/Rectangle_86_1.jpg?v=1716278521\" alt=\"image\">\n                <\/div>\n            <\/div>\n\n        <\/div>\n    <\/div>\n<\/div>","color_scheme":"","padding_top":0,"padding_bottom":0}},"custom_liquid_JhiKGb":{"type":"custom-liquid","custom_css":[".btn__new {margin-top: 20px;}"],"settings":{"custom_liquid":"<section class=\"pl_area1 pl_area2  position-relative\">\n\n    <img src=\"https:\/\/cdn.shopify.com\/s\/files\/1\/0584\/1204\/0269\/files\/pl-flower4.png?v=1712924191\" alt=\"top-right\"\n        class=\"pl-flower2\" data-aos=\"fade-down\" data-aos-easing=\"linear\" data-aos-duration=\"750\">\n    <div class=\"container-fluid\">\n        <div class=\"row align-items-center\">\n\n\n            <div class=\"col-lg-6\">\n                <div class=\"pl_left_img\">\n                    <img src=\"https:\/\/cdn.shopify.com\/s\/files\/1\/0584\/1204\/0269\/files\/CM_17.png?v=1727369031\">\n                    <img src=\"https:\/\/cdn.shopify.com\/s\/files\/1\/0584\/1204\/0269\/files\/pl-flower3.png?v=1712924191\"\n                        alt=\"top-left\" class=\"pl-flower3\" data-aos=\"fade-down\" data-aos-easing=\"linear\"\n                        data-aos-duration=\"500\">\n                <\/div>\n            <\/div>\n\n\n \n            <div class=\"col-lg-5 offset-lg-1\">\n                <div class=\"pl_left\">\n                    \n                    <h3 class=\"mb-5\">Oral kit <br>included<\/h3>\n                    <h6 class=\"mb-4\">with pulling oil<\/h6>\n                    <a href=\"#\" class=\"btn__new\"> SHOP NOW<\/a>\n                <\/div>\n            <\/div>\n\n        <\/div>\n    <\/div>\n<\/section>","color_scheme":"","padding_top":0,"padding_bottom":0}},"custom_liquid_GMpgMX":{"type":"custom-liquid","settings":{"custom_liquid":"<div class=\"section__tags\">\n    <div class=\"container-fluid\">\n        <div class=\"row text-center\">\n            <div class=\"col-lg col-6\">\n                <img src=\"https:\/\/cdn.shopify.com\/s\/files\/1\/0584\/1204\/0269\/files\/Group_1597880350.png?v=1727363364\"\n                    alt=\"tags love\">\n                    <!--<h6 style=\"margin-top: 20px; color: black;\">VEGAN FORMULA<\/h6>-->\n            <\/div>\n\n            <div class=\"col-lg col-6\">\n                <img src=\"https:\/\/cdn.shopify.com\/s\/files\/1\/0584\/1204\/0269\/files\/Group_227.png?v=1727363363\"\n                    alt=\"tags vegan\">\n                    <!--<h6 style=\"margin-top: 20px; color: black;\">VEGAN FORMULA<\/h6>-->\n            <\/div>\n            <div class=\"col-lg col-6\">\n                <img src=\"https:\/\/cdn.shopify.com\/s\/files\/1\/0584\/1204\/0269\/files\/Group_226.png?v=1727363363\"\n                    alt=\"tags ayurvedic\">\n                    <!--<h6 style=\"margin-top: 20px; color: black;\">AYURVEDIC BENIFITS<\/h6>-->\n            <\/div>\n <div class=\"col-lg offset-lg-0 col-6 offset-3\">\n                <img src=\"https:\/\/cdn.shopify.com\/s\/files\/1\/0584\/1204\/0269\/files\/Group_1597880354.png?v=1727363363\"\n                    alt=\"alcohol free\">\n                    <!--<h6 style=\"margin-top: 20px; color: black;\">USDA ORGANIC<\/h6>-->\n            <\/div>\n <div class=\"col-lg col-6\">\n                <img src=\"https:\/\/cdn.shopify.com\/s\/files\/1\/0584\/1204\/0269\/files\/Group_1597880355.png?v=1727363363\"\n                    alt=\"natural mouthwash\">\n                    <!--<h6 style=\"margin-top: 20px; color: black;\">NON GMO<\/h6>-->\n            <\/div>\n            <div class=\"col-lg col-6\">\n                <img src=\"https:\/\/cdn.shopify.com\/s\/files\/1\/0584\/1204\/0269\/files\/Group_225.png?v=1727363363\"\n                    alt=\"tags cruelty\">\n                    <!--<h6 style=\"margin-top: 20px; color: black;\">CRUELTY FREE<\/h6>-->\n            <\/div>\n           \n        <\/div>\n    <\/div>\n<\/div>","color_scheme":"","padding_top":100,"padding_bottom":100}},"custom_liquid_Rt6Eec":{"type":"custom-liquid","custom_css":[".custom-dot.active {color: #284e2b !important;}"],"settings":{"custom_liquid":"<div class=\"container-fluid\">\n   <div class=\"descriptions__spcl descriptions__spcl-mint\">\n      <div class=\"descr__spclarea\">\n         <img src=\"https:\/\/cdn.shopify.com\/s\/files\/1\/0584\/1204\/0269\/files\/fi_13118205.png?v=1716339113\" alt=\"tree\" style=\"max-width:124px\">\n         <h2> Transformative Benefits of Oil Pulling for a Healthier Smile<\/h2>\n      <\/div>\n   <\/div>\n   <div class=\"descrtab__spcl descrtab__spcl-mint\">\n      <div class=\"custom-dots-container\">\n         <span class=\"custom-dot\" data-index=\"0\">Freshens Breath<\/span>\n         <span class=\"custom-dot\" data-index=\"1\">Whitens Teeth<\/span>\n         <span class=\"custom-dot\" data-index=\"2\">Reduces Plaque and Tartar Buildup<\/span>\n         <span class=\"custom-dot\" data-index=\"3\">Supports Gum Health<\/span>\n      <\/div>\n      <div id=\"unique-slider\" class=\"owl-carousel\">\n         <div class=\"item\"><img\n            src=\"https:\/\/cdn.shopify.com\/s\/files\/1\/0584\/1204\/0269\/files\/mint1.png?v=1716339112\" alt=\"mint\"\n            class=\"d-none d-lg-block\">\n            <img src=\"https:\/\/cdn.shopify.com\/s\/files\/1\/0584\/1204\/0269\/files\/mint11.png?v=1716371748\" alt=\"mint\"\n               class=\"d-block d-lg-none\">\n         <\/div>\n         <div class=\"item\">\n            <img src=\"https:\/\/cdn.shopify.com\/s\/files\/1\/0584\/1204\/0269\/files\/mint2.png?v=1716339112\" alt=\"mint\"\n               class=\"d-none d-lg-block\">\n            <img src=\"https:\/\/cdn.shopify.com\/s\/files\/1\/0584\/1204\/0269\/files\/mint12.png?v=1716371748\" alt=\"mint\"\n               class=\"d-block d-lg-none\">\n         <\/div>\n         <div class=\"item\">\n            <img src=\"https:\/\/cdn.shopify.com\/s\/files\/1\/0584\/1204\/0269\/files\/mint3.png?v=1716339112\" alt=\"mint\"\n               class=\"d-none d-lg-block\">\n            <img src=\"https:\/\/cdn.shopify.com\/s\/files\/1\/0584\/1204\/0269\/files\/mint13.png?v=1716371748\" alt=\"mint\"\n               class=\"d-block d-lg-none\">\n         <\/div>\n         <div class=\"item\">\n            <img src=\"https:\/\/cdn.shopify.com\/s\/files\/1\/0584\/1204\/0269\/files\/mint4.png?v=1716339112\" alt=\"mint\"\n               class=\"d-none d-lg-block\">\n            <img src=\"https:\/\/cdn.shopify.com\/s\/files\/1\/0584\/1204\/0269\/files\/mint14.png?v=1716371748\" alt=\"mint\"\n               class=\"d-block d-lg-none\">\n         <\/div>\n        \n      <\/div>\n      <div class=\"descrtab__spcl_card\">\n         <div class=\"container\">\n            <h2> Hear the results <\/h2>\n            <div class=\"row\">\n               <div class=\"col-lg-6\">\n                  <div class=\"card__result\">\n                     <h4> 1\/5<\/h4>\n                     <p> <span>people prefer oil pulling <\/span> as an oral care practice<\/p>\n                  <\/div>\n               <\/div>\n               <div class=\"col-lg-6\">\n                  <div class=\"card__result\">\n                     <h4> 64%<\/h4>\n                     <p>\tpeople have seen <span>effective results <\/span> by oil pulling\n                     <\/p>\n                  <\/div>\n               <\/div>\n               <div class=\"col-12\">\n                  <div class=\"card__result\">\n                     <h4> 4.5%<\/h4>\n                     <p>\n                        is the <span>expected CAGR  <\/span> for the pulling oil market over the next 5 years.\n                     <\/p>\n                  <\/div>\n               <\/div>\n            <\/div>\n         <\/div>\n      <\/div>\n   <\/div>\n<\/div>","color_scheme":"","padding_top":0,"padding_bottom":0}},"custom_liquid_Xknr46":{"type":"custom-liquid","settings":{"custom_liquid":"<div class=\"container-fluid\">\n        <div class=\"details__tags d-flex justify-content-between\">\n    <div class=\"dtags1\">\n        <img src=\"https:\/\/cdn.shopify.com\/s\/files\/1\/0584\/1204\/0269\/files\/circle-check.svg?v=1713848141\" alt=\"circle\">\n        Organic and Pure\n    <\/div>\n\n    <div class=\"dtags1\">\n        <img src=\"https:\/\/cdn.shopify.com\/s\/files\/1\/0584\/1204\/0269\/files\/circle-check.svg?v=1713848141\" alt=\"circle\">\n        Third-Party Certified\n    <\/div>\n\n    <div class=\"dtags1\">\n        <img src=\"https:\/\/cdn.shopify.com\/s\/files\/1\/0584\/1204\/0269\/files\/circle-check.svg?v=1713848141\" alt=\"circle\">\n        Ingredients backed by 100+ clinical studies\n    <\/div>\n\n    <div class=\"dtags1\">\n        <img src=\"https:\/\/cdn.shopify.com\/s\/files\/1\/0584\/1204\/0269\/files\/circle-check.svg?v=1713848141\" alt=\"circle\">\n        Medicinal Properties\n    <\/div>\n<\/div>\n<\/div>","color_scheme":"","padding_top":40,"padding_bottom":52}},"custom_liquid_cEbmKX":{"type":"custom-liquid","settings":{"custom_liquid":"<div class=\"faq__section-pd\">\n    <div class=\"container-fluid\">\n        <div class=\"row  align-items-end\">\n            <div class=\"col-lg-6\">\n    <div class=\"faq__img111\">\n\t\t<img src=\"https:\/\/cdn.shopify.com\/s\/files\/1\/0584\/1204\/0269\/files\/Frame_1597880403.jpg?v=1727085562\" alt=\" oil pulling\">\n            <\/div>\n            <\/div>\n            <div class=\"col-lg-6\">\n                <div class=\"faq__sectionsarea\">\n\n\n                    <h2 class=\"text-white\">FAQs<\/h2>\n                    <div class=\"accordion\" id=\"accordionExample\">\n                        <div class=\"accordion-item\">\n                            <h2 class=\"accordion-header\" id=\"headingOne\">\n                                <button class=\"accordion-button\" type=\"button\" data-bs-toggle=\"collapse\"\n                                    data-bs-target=\"#collapseOne\" aria-expanded=\"true\" aria-controls=\"collapseOne\">\n                                    <span>1.<\/span> What is oil pulling?\n\n                                <\/button>\n                            <\/h2>\n                            <div id=\"collapseOne\" class=\"accordion-collapse collapse show\" aria-labelledby=\"headingOne\"\n                                data-bs-parent=\"#accordionExample\">\n                                <div class=\"accordion-body\">\n                                    Oil pulling involves swishing oil in your mouth to remove bacteria and toxins.\n                                <\/div>\n                            <\/div>\n                        <\/div>\n                        <div class=\"accordion-item\">\n                            <h2 class=\"accordion-header\" id=\"headingTwo\">\n                                <button class=\"accordion-button collapsed\" type=\"button\" data-bs-toggle=\"collapse\"\n                                    data-bs-target=\"#collapseTwo\" aria-expanded=\"false\" aria-controls=\"collapseTwo\">\n                                    <span>2.<\/span> How is oil pulling done?\n\n                                <\/button>\n                            <\/h2>\n                            <div id=\"collapseTwo\" class=\"accordion-collapse collapse\" aria-labelledby=\"headingTwo\"\n                                data-bs-parent=\"#accordionExample\">\n\n                                <div class=\"accordion-body\">\n                                    Swish a tablespoon of oil in your mouth for 15-20 minutes, then spit it out and rinse.\n                                <\/div>\n                            <\/div>\n                        <\/div>\n                        <div class=\"accordion-item\">\n                            <h2 class=\"accordion-header\" id=\"headingThree\">\n                                <button class=\"accordion-button collapsed\" type=\"button\" data-bs-toggle=\"collapse\"\n                                    data-bs-target=\"#collapseThree\" aria-expanded=\"false\" aria-controls=\"collapseThree\">\n                                    <span>3.<\/span>What are the benefits of oil pulling?\n                                <\/button>\n                            <\/h2>\n                            <div id=\"collapseThree\" class=\"accordion-collapse collapse\" aria-labelledby=\"headingThree\"\n                                data-bs-parent=\"#accordionExample\">\n                                <div class=\"accordion-body\">\n                                    It may improve oral hygiene, freshen breath, and reduce bacteria in the mouth.\n                                <\/div>\n                            <\/div>\n                        <\/div>\n                        <div class=\"accordion-item\">\n                            <h2 class=\"accordion-header\" id=\"headingFour\">\n                                <button class=\"accordion-button collapsed\" type=\"button\" data-bs-toggle=\"collapse\"\n                                    data-bs-target=\"#collapseFour\" aria-expanded=\"false\" aria-controls=\"collapseFour\">\n                                    <span>4.<\/span>Can oil pulling replace brushing and flossing?\n                                <\/button>\n                            <\/h2>\n                            <div id=\"collapseFour\" class=\"accordion-collapse collapse\" aria-labelledby=\"headingFour\"\n                                data-bs-parent=\"#accordionExample\">\n                                <div class=\"accordion-body\">\n                                    No, it's a complementary practice. Continue brushing and flossing for optimal oral health.\n\n                                <\/div>\n                            <\/div>\n                        <\/div>\n                        <div class=\"accordion-item\">\n                            <h2 class=\"accordion-header\" id=\"headingFive\">\n                                <button class=\"accordion-button collapsed\" type=\"button\" data-bs-toggle=\"collapse\"\n                                    data-bs-target=\"#collapseFive\" aria-expanded=\"false\" aria-controls=\"collapseFive\">\n                                    <span>5.<\/span> Is oil pulling safe for everyone?\n\n                                <\/button>\n                            <\/h2>\n                            <div id=\"collapseFive\" class=\"accordion-collapse collapse\" aria-labelledby=\"headingFive\"\n                                data-bs-parent=\"#accordionExample\">\n                                <div class=\"accordion-body\">\n                                    Generally safe, but consult a dentist if you have dental issues or concerns.\n\n                                <\/div>\n                            <\/div>\n                        <\/div>\n                    <\/div>\n                <\/div>\n            <\/div>\n        <\/div>\n    <\/div>\n<\/div>","color_scheme":"","padding_top":0,"padding_bottom":0}},"related-products":{"type":"related-products","disabled":true,"settings":{"heading":"You will also like","heading_size":"h2","products_to_show":3,"columns_desktop":3,"color_scheme":"scheme-1","image_ratio":"adapt","image_shape":"default","show_secondary_image":false,"show_vendor":false,"show_rating":false,"columns_mobile":"1","padding_top":48,"padding_bottom":48}},"featured_collection_Q6kMgX":{"type":"featured-collection","custom_css":["h2.title {text-align: center; color: #d12729; font-weight: 500; font-size: 22px; text-transform: uppercase;}"],"settings":{"title":"You will also like","heading_size":"h1","description":"","show_description":false,"description_style":"body","collection":"mint-pulling-oil-product-except","products_to_show":3,"columns_desktop":3,"full_width":false,"show_view_all":true,"view_all_style":"link","enable_desktop_slider":false,"color_scheme":"","image_ratio":"adapt","image_shape":"default","show_secondary_image":false,"show_vendor":false,"show_rating":false,"enable_quick_add":true,"columns_mobile":"2","swipe_on_mobile":false,"padding_top":100,"padding_bottom":100}},"rich_text_X9wpCF":{"type":"rich-text","blocks":{"heading_BRzhzV":{"type":"heading","settings":{"heading":"OUR CLIENTS LOVE US","heading_size":"h2"}}},"block_order":["heading_BRzhzV"],"disabled":true,"custom_css":["h2 {font-size: 24px; color: #db5026;}"],"settings":{"desktop_content_position":"center","content_alignment":"center","color_scheme":"","full_width":true,"padding_top":0,"padding_bottom":32}},"custom_liquid_FQxkHw":{"type":"custom-liquid","disabled":true,"settings":{"custom_liquid":"<div class=\"testimonail-owl-slider\">\n  <div class=\"container-fluid\">\n    <div class=\"owl-carousel owl-theme\">\n      <div class=\"item\">\n        <div class=\"row\">\n          <div class=\"col-md-6\">\n            <img\n              src=\"https:\/\/cdn.shopify.com\/s\/files\/1\/0584\/1204\/0269\/files\/image-1.png?v=1717583551\"\n              alt=\"Product Image 1\"\n            \/>\n          <\/div>\n          <div class=\"col-md-6 testimonial-content\">\n            <div class=\"star-rating mb-3\">\n              <svg\n                xmlns=\"http:\/\/www.w3.org\/2000\/svg\"\n                width=\"20\"\n                height=\"20\"\n                viewBox=\"0 0 20 20\"\n                fill=\"none\"\n              >\n                <path\n                  d=\"M10 0L13.09 6.26L20 7.27L15 12.14L16.18 19.02L10 15.77L3.82 19.02L5 12.14L0 7.27L6.91 6.26L10 0Z\"\n                  fill=\"black\"\n                \/>\n              <\/svg>\n              <svg\n                xmlns=\"http:\/\/www.w3.org\/2000\/svg\"\n                width=\"20\"\n                height=\"20\"\n                viewBox=\"0 0 20 20\"\n                fill=\"none\"\n              >\n                <path\n                  d=\"M10 0L13.09 6.26L20 7.27L15 12.14L16.18 19.02L10 15.77L3.82 19.02L5 12.14L0 7.27L6.91 6.26L10 0Z\"\n                  fill=\"black\"\n                \/>\n              <\/svg>\n              <svg\n                xmlns=\"http:\/\/www.w3.org\/2000\/svg\"\n                width=\"20\"\n                height=\"20\"\n                viewBox=\"0 0 20 20\"\n                fill=\"none\"\n              >\n                <path\n                  d=\"M10 0L13.09 6.26L20 7.27L15 12.14L16.18 19.02L10 15.77L3.82 19.02L5 12.14L0 7.27L6.91 6.26L10 0Z\"\n                  fill=\"black\"\n                \/>\n              <\/svg>\n              <svg\n                xmlns=\"http:\/\/www.w3.org\/2000\/svg\"\n                width=\"20\"\n                height=\"20\"\n                viewBox=\"0 0 20 20\"\n                fill=\"none\"\n              >\n                <path\n                  d=\"M10 0L13.09 6.26L20 7.27L15 12.14L16.18 19.02L10 15.77L3.82 19.02L5 12.14L0 7.27L6.91 6.26L10 0Z\"\n                  fill=\"black\"\n                \/>\n              <\/svg>\n              <svg\n                xmlns=\"http:\/\/www.w3.org\/2000\/svg\"\n                width=\"20\"\n                height=\"20\"\n                viewBox=\"0 0 20 20\"\n                fill=\"none\"\n              >\n                <path\n                  d=\"M10 0L13.09 6.26L20 7.27L15 12.14L16.18 19.02L10 15.77L3.82 19.02L5 12.14L0 7.27L6.91 6.26L10 0Z\"\n                  fill=\"black\"\n                \/>\n              <\/svg>\n            <\/div>\n            <p>\n              \"I've been using Kaes Teo's Pure Castor Oil for a few months now,\n              my hair has never felt healthier! It's super moisturizing and has\n              cut down breakage a lot. Highly recommend it to anyone looking to\n              step up their hair game.\"\n            <\/p>\n            <p class=\"testimonial-author\">Sarah M, New York<\/p>\n          <\/div>\n        <\/div>\n      <\/div>\n      <div class=\"item\">\n        <div class=\"row\">\n          <div class=\"col-md-6\">\n            <img\n              src=\"https:\/\/cdn.shopify.com\/s\/files\/1\/0584\/1204\/0269\/files\/image-2.png?v=1717583551\"\n              alt=\"Product Image 2\"\n            \/>\n          <\/div>\n          <div class=\"col-md-6 testimonial-content\">\n            <div class=\"star-rating mb-3\">\n              <svg\n                xmlns=\"http:\/\/www.w3.org\/2000\/svg\"\n                width=\"20\"\n                height=\"20\"\n                viewBox=\"0 0 20 20\"\n                fill=\"none\"\n              >\n                <path\n                  d=\"M10 0L13.09 6.26L20 7.27L15 12.14L16.18 19.02L10 15.77L3.82 19.02L5 12.14L0 7.27L6.91 6.26L10 0Z\"\n                  fill=\"black\"\n                \/>\n              <\/svg>\n              <svg\n                xmlns=\"http:\/\/www.w3.org\/2000\/svg\"\n                width=\"20\"\n                height=\"20\"\n                viewBox=\"0 0 20 20\"\n                fill=\"none\"\n              >\n                <path\n                  d=\"M10 0L13.09 6.26L20 7.27L15 12.14L16.18 19.02L10 15.77L3.82 19.02L5 12.14L0 7.27L6.91 6.26L10 0Z\"\n                  fill=\"black\"\n                \/>\n              <\/svg>\n              <svg\n                xmlns=\"http:\/\/www.w3.org\/2000\/svg\"\n                width=\"20\"\n                height=\"20\"\n                viewBox=\"0 0 20 20\"\n                fill=\"none\"\n              >\n                <path\n                  d=\"M10 0L13.09 6.26L20 7.27L15 12.14L16.18 19.02L10 15.77L3.82 19.02L5 12.14L0 7.27L6.91 6.26L10 0Z\"\n                  fill=\"black\"\n                \/>\n              <\/svg>\n              <svg\n                xmlns=\"http:\/\/www.w3.org\/2000\/svg\"\n                width=\"20\"\n                height=\"20\"\n                viewBox=\"0 0 20 20\"\n                fill=\"none\"\n              >\n                <path\n                  d=\"M10 0L13.09 6.26L20 7.27L15 12.14L16.18 19.02L10 15.77L3.82 19.02L5 12.14L0 7.27L6.91 6.26L10 0Z\"\n                  fill=\"black\"\n                \/>\n              <\/svg>\n              <svg\n                xmlns=\"http:\/\/www.w3.org\/2000\/svg\"\n                width=\"20\"\n                height=\"20\"\n                viewBox=\"0 0 20 20\"\n                fill=\"none\"\n              >\n                <path\n                  d=\"M10 0L13.09 6.26L20 7.27L15 12.14L16.18 19.02L10 15.77L3.82 19.02L5 12.14L0 7.27L6.91 6.26L10 0Z\"\n                  fill=\"black\"\n                \/>\n              <\/svg>\n            <\/div>\n            <p>\n              \"Kaes Teo's Black Castor Oil is a game-changer for my scalp. It\n              soothes irritation and promotes hair growth like nothing else I've\n              tried. My hair is thicker and stronger, I couldn't be happier with\n              it!\"\n            <\/p>\n            <p class=\"testimonial-author\">Jason L, California<\/p>\n          <\/div>\n        <\/div>\n      <\/div>\n      <div class=\"item\">\n        <div class=\"row\">\n          <div class=\"col-md-6\">\n            <img\n              src=\"https:\/\/cdn.shopify.com\/s\/files\/1\/0584\/1204\/0269\/files\/image-3.png?v=1717583551\"\n              alt=\"Product Image 3\"\n            \/>\n          <\/div>\n          <div class=\"col-md-6 testimonial-content\">\n            <div class=\"star-rating mb-3\">\n              <svg\n                xmlns=\"http:\/\/www.w3.org\/2000\/svg\"\n                width=\"20\"\n                height=\"20\"\n                viewBox=\"0 0 20 20\"\n                fill=\"none\"\n              >\n                <path\n                  d=\"M10 0L13.09 6.26L20 7.27L15 12.14L16.18 19.02L10 15.77L3.82 19.02L5 12.14L0 7.27L6.91 6.26L10 0Z\"\n                  fill=\"black\"\n                \/>\n              <\/svg>\n              <svg\n                xmlns=\"http:\/\/www.w3.org\/2000\/svg\"\n                width=\"20\"\n                height=\"20\"\n                viewBox=\"0 0 20 20\"\n                fill=\"none\"\n              >\n                <path\n                  d=\"M10 0L13.09 6.26L20 7.27L15 12.14L16.18 19.02L10 15.77L3.82 19.02L5 12.14L0 7.27L6.91 6.26L10 0Z\"\n                  fill=\"black\"\n                \/>\n              <\/svg>\n              <svg\n                xmlns=\"http:\/\/www.w3.org\/2000\/svg\"\n                width=\"20\"\n                height=\"20\"\n                viewBox=\"0 0 20 20\"\n                fill=\"none\"\n              >\n                <path\n                  d=\"M10 0L13.09 6.26L20 7.27L15 12.14L16.18 19.02L10 15.77L3.82 19.02L5 12.14L0 7.27L6.91 6.26L10 0Z\"\n                  fill=\"black\"\n                \/>\n              <\/svg>\n              <svg\n                xmlns=\"http:\/\/www.w3.org\/2000\/svg\"\n                width=\"20\"\n                height=\"20\"\n                viewBox=\"0 0 20 20\"\n                fill=\"none\"\n              >\n                <path\n                  d=\"M10 0L13.09 6.26L20 7.27L15 12.14L16.18 19.02L10 15.77L3.82 19.02L5 12.14L0 7.27L6.91 6.26L10 0Z\"\n                  fill=\"black\"\n                \/>\n              <\/svg>\n              <svg\n                xmlns=\"http:\/\/www.w3.org\/2000\/svg\"\n                width=\"20\"\n                height=\"20\"\n                viewBox=\"0 0 20 20\"\n                fill=\"none\"\n              >\n                <path\n                  d=\"M10 0L13.09 6.26L20 7.27L15 12.14L16.18 19.02L10 15.77L3.82 19.02L5 12.14L0 7.27L6.91 6.26L10 0Z\"\n                  fill=\"black\"\n                \/>\n              <\/svg>\n            <\/div>\n            <p>\n              \"I started oil pulling with Kaes Teo's Pulling Oil, and wow, my\n              teeth are whiter and my gums feel so much healthier. Plus, it\n              leaves my mouth feeling fresh all day. Never going back to regular\n              mouthwash!\"\n            <\/p>\n            <p class=\"testimonial-author\">Emily S, Florida<\/p>\n          <\/div>\n        <\/div>\n      <\/div>\n      <div class=\"item\">\n        <div class=\"row\">\n          <div class=\"col-md-6\">\n            <img\n              src=\"https:\/\/cdn.shopify.com\/s\/files\/1\/0584\/1204\/0269\/files\/image-4.png?v=1717583621\"\n              alt=\"Product Image 4\"\n            \/>\n          <\/div>\n          <div class=\"col-md-6 testimonial-content\">\n            <div class=\"star-rating mb-3\">\n              <svg\n                xmlns=\"http:\/\/www.w3.org\/2000\/svg\"\n                width=\"20\"\n                height=\"20\"\n                viewBox=\"0 0 20 20\"\n                fill=\"none\"\n              >\n                <path\n                  d=\"M10 0L13.09 6.26L20 7.27L15 12.14L16.18 19.02L10 15.77L3.82 19.02L5 12.14L0 7.27L6.91 6.26L10 0Z\"\n                  fill=\"black\"\n                \/>\n              <\/svg>\n              <svg\n                xmlns=\"http:\/\/www.w3.org\/2000\/svg\"\n                width=\"20\"\n                height=\"20\"\n                viewBox=\"0 0 20 20\"\n                fill=\"none\"\n              >\n                <path\n                  d=\"M10 0L13.09 6.26L20 7.27L15 12.14L16.18 19.02L10 15.77L3.82 19.02L5 12.14L0 7.27L6.91 6.26L10 0Z\"\n                  fill=\"black\"\n                \/>\n              <\/svg>\n              <svg\n                xmlns=\"http:\/\/www.w3.org\/2000\/svg\"\n                width=\"20\"\n                height=\"20\"\n                viewBox=\"0 0 20 20\"\n                fill=\"none\"\n              >\n                <path\n                  d=\"M10 0L13.09 6.26L20 7.27L15 12.14L16.18 19.02L10 15.77L3.82 19.02L5 12.14L0 7.27L6.91 6.26L10 0Z\"\n                  fill=\"black\"\n                \/>\n              <\/svg>\n              <svg\n                xmlns=\"http:\/\/www.w3.org\/2000\/svg\"\n                width=\"20\"\n                height=\"20\"\n                viewBox=\"0 0 20 20\"\n                fill=\"none\"\n              >\n                <path\n                  d=\"M10 0L13.09 6.26L20 7.27L15 12.14L16.18 19.02L10 15.77L3.82 19.02L5 12.14L0 7.27L6.91 6.26L10 0Z\"\n                  fill=\"black\"\n                \/>\n              <\/svg>\n              <svg\n                xmlns=\"http:\/\/www.w3.org\/2000\/svg\"\n                width=\"20\"\n                height=\"20\"\n                viewBox=\"0 0 20 20\"\n                fill=\"none\"\n              >\n                <path\n                  d=\"M10 0L13.09 6.26L20 7.27L15 12.14L16.18 19.02L10 15.77L3.82 19.02L5 12.14L0 7.27L6.91 6.26L10 0Z\"\n                  fill=\"black\"\n                \/>\n              <\/svg>\n            <\/div>\n            <p>\n              \"Kaes Teo's Pure Castor Oil is now a must in my skincare routine.\n              It’s fantastic for hydrating my skin and has really helped with my\n              scars. A little goes a long way, and the quality is amazing!\"\n            <\/p>\n            <p class=\"testimonial-author\">Jessica R, Texas<\/p>\n          <\/div>\n        <\/div>\n      <\/div>\n      <div class=\"item\">\n        <div class=\"row\">\n          <div class=\"col-md-6\">\n            <img\n              src=\"https:\/\/cdn.shopify.com\/s\/files\/1\/0584\/1204\/0269\/files\/image-5.png?v=1717583615\"\n              alt=\"Product Image 5\"\n            \/>\n          <\/div>\n          <div class=\"col-md-6 testimonial-content\">\n            <div class=\"star-rating mb-3\">\n              <svg\n                xmlns=\"http:\/\/www.w3.org\/2000\/svg\"\n                width=\"20\"\n                height=\"20\"\n                viewBox=\"0 0 20 20\"\n                fill=\"none\"\n              >\n                <path\n                  d=\"M10 0L13.09 6.26L20 7.27L15 12.14L16.18 19.02L10 15.77L3.82 19.02L5 12.14L0 7.27L6.91 6.26L10 0Z\"\n                  fill=\"black\"\n                \/>\n              <\/svg>\n              <svg\n                xmlns=\"http:\/\/www.w3.org\/2000\/svg\"\n                width=\"20\"\n                height=\"20\"\n                viewBox=\"0 0 20 20\"\n                fill=\"none\"\n              >\n                <path\n                  d=\"M10 0L13.09 6.26L20 7.27L15 12.14L16.18 19.02L10 15.77L3.82 19.02L5 12.14L0 7.27L6.91 6.26L10 0Z\"\n                  fill=\"black\"\n                \/>\n              <\/svg>\n              <svg\n                xmlns=\"http:\/\/www.w3.org\/2000\/svg\"\n                width=\"20\"\n                height=\"20\"\n                viewBox=\"0 0 20 20\"\n                fill=\"none\"\n              >\n                <path\n                  d=\"M10 0L13.09 6.26L20 7.27L15 12.14L16.18 19.02L10 15.77L3.82 19.02L5 12.14L0 7.27L6.91 6.26L10 0Z\"\n                  fill=\"black\"\n                \/>\n              <\/svg>\n              <svg\n                xmlns=\"http:\/\/www.w3.org\/2000\/svg\"\n                width=\"20\"\n                height=\"20\"\n                viewBox=\"0 0 20 20\"\n                fill=\"none\"\n              >\n                <path\n                  d=\"M10 0L13.09 6.26L20 7.27L15 12.14L16.18 19.02L10 15.77L3.82 19.02L5 12.14L0 7.27L6.91 6.26L10 0Z\"\n                  fill=\"black\"\n                \/>\n              <\/svg>\n              <svg\n                xmlns=\"http:\/\/www.w3.org\/2000\/svg\"\n                width=\"20\"\n                height=\"20\"\n                viewBox=\"0 0 20 20\"\n                fill=\"none\"\n              >\n                <path\n                  d=\"M10 0L13.09 6.26L20 7.27L15 12.14L16.18 19.02L10 15.77L3.82 19.02L5 12.14L0 7.27L6.91 6.26L10 0Z\"\n                  fill=\"black\"\n                \/>\n              <\/svg>\n            <\/div>\n            <p>\n              \"I've had dandruff for years, but Kaes Teo's Black Castor Oil has\n              been a lifesaver. It not only helps with the flakes but leaves my\n              hair feeling soft and nourished. So grateful for this product!\"\n            <\/p>\n            <p class=\"testimonial-author\">Michael H, Illinois<\/p>\n          <\/div>\n        <\/div>\n      <\/div>\n      <div class=\"item\">\n        <div class=\"row\">\n          <div class=\"col-md-6\">\n            <img\n              src=\"https:\/\/cdn.shopify.com\/s\/files\/1\/0584\/1204\/0269\/files\/image-6.png?v=1717583550\"\n              alt=\"Product Image 6\"\n            \/>\n          <\/div>\n          <div class=\"col-md-6 testimonial-content\">\n            <div class=\"star-rating mb-3\">\n              <svg\n                xmlns=\"http:\/\/www.w3.org\/2000\/svg\"\n                width=\"20\"\n                height=\"20\"\n                viewBox=\"0 0 20 20\"\n                fill=\"none\"\n              >\n                <path\n                  d=\"M10 0L13.09 6.26L20 7.27L15 12.14L16.18 19.02L10 15.77L3.82 19.02L5 12.14L0 7.27L6.91 6.26L10 0Z\"\n                  fill=\"black\"\n                \/>\n              <\/svg>\n              <svg\n                xmlns=\"http:\/\/www.w3.org\/2000\/svg\"\n                width=\"20\"\n                height=\"20\"\n                viewBox=\"0 0 20 20\"\n                fill=\"none\"\n              >\n                <path\n                  d=\"M10 0L13.09 6.26L20 7.27L15 12.14L16.18 19.02L10 15.77L3.82 19.02L5 12.14L0 7.27L6.91 6.26L10 0Z\"\n                  fill=\"black\"\n                \/>\n              <\/svg>\n              <svg\n                xmlns=\"http:\/\/www.w3.org\/2000\/svg\"\n                width=\"20\"\n                height=\"20\"\n                viewBox=\"0 0 20 20\"\n                fill=\"none\"\n              >\n                <path\n                  d=\"M10 0L13.09 6.26L20 7.27L15 12.14L16.18 19.02L10 15.77L3.82 19.02L5 12.14L0 7.27L6.91 6.26L10 0Z\"\n                  fill=\"black\"\n                \/>\n              <\/svg>\n              <svg\n                xmlns=\"http:\/\/www.w3.org\/2000\/svg\"\n                width=\"20\"\n                height=\"20\"\n                viewBox=\"0 0 20 20\"\n                fill=\"none\"\n              >\n                <path\n                  d=\"M10 0L13.09 6.26L20 7.27L15 12.14L16.18 19.02L10 15.77L3.82 19.02L5 12.14L0 7.27L6.91 6.26L10 0Z\"\n                  fill=\"black\"\n                \/>\n              <\/svg>\n              <svg\n                xmlns=\"http:\/\/www.w3.org\/2000\/svg\"\n                width=\"20\"\n                height=\"20\"\n                viewBox=\"0 0 20 20\"\n                fill=\"none\"\n              >\n                <path\n                  d=\"M10 0L13.09 6.26L20 7.27L15 12.14L16.18 19.02L10 15.77L3.82 19.02L5 12.14L0 7.27L6.91 6.26L10 0Z\"\n                  fill=\"black\"\n                \/>\n              <\/svg>\n            <\/div>\n            <p>\n              \"The Pulling Oil from Kaes Teo is fantastic! I was sceptical, but\n              after a few weeks, my teeth are visibly brighter and my overall\n              oral hygiene feels improved. It's now a must-have in my morning\n              routine.\"\n            <\/p>\n            <p class=\"testimonial-author\">Laura K, Colorado<\/p>\n          <\/div>\n        <\/div>\n      <\/div>\n      <div class=\"item\">\n        <div class=\"row\">\n          <div class=\"col-md-6\">\n            <img\n              src=\"https:\/\/cdn.shopify.com\/s\/files\/1\/0584\/1204\/0269\/files\/image-7.png?v=1717583551\"\n              alt=\"Product Image 7\"\n            \/>\n          <\/div>\n          <div class=\"col-md-6 testimonial-content\">\n            <div class=\"star-rating mb-3\">\n              <svg\n                xmlns=\"http:\/\/www.w3.org\/2000\/svg\"\n                width=\"20\"\n                height=\"20\"\n                viewBox=\"0 0 20 20\"\n                fill=\"none\"\n              >\n                <path\n                  d=\"M10 0L13.09 6.26L20 7.27L15 12.14L16.18 19.02L10 15.77L3.82 19.02L5 12.14L0 7.27L6.91 6.26L10 0Z\"\n                  fill=\"black\"\n                \/>\n              <\/svg>\n              <svg\n                xmlns=\"http:\/\/www.w3.org\/2000\/svg\"\n                width=\"20\"\n                height=\"20\"\n                viewBox=\"0 0 20 20\"\n                fill=\"none\"\n              >\n                <path\n                  d=\"M10 0L13.09 6.26L20 7.27L15 12.14L16.18 19.02L10 15.77L3.82 19.02L5 12.14L0 7.27L6.91 6.26L10 0Z\"\n                  fill=\"black\"\n                \/>\n              <\/svg>\n              <svg\n                xmlns=\"http:\/\/www.w3.org\/2000\/svg\"\n                width=\"20\"\n                height=\"20\"\n                viewBox=\"0 0 20 20\"\n                fill=\"none\"\n              >\n                <path\n                  d=\"M10 0L13.09 6.26L20 7.27L15 12.14L16.18 19.02L10 15.77L3.82 19.02L5 12.14L0 7.27L6.91 6.26L10 0Z\"\n                  fill=\"black\"\n                \/>\n              <\/svg>\n              <svg\n                xmlns=\"http:\/\/www.w3.org\/2000\/svg\"\n                width=\"20\"\n                height=\"20\"\n                viewBox=\"0 0 20 20\"\n                fill=\"none\"\n              >\n                <path\n                  d=\"M10 0L13.09 6.26L20 7.27L15 12.14L16.18 19.02L10 15.77L3.82 19.02L5 12.14L0 7.27L6.91 6.26L10 0Z\"\n                  fill=\"black\"\n                \/>\n              <\/svg>\n              <svg\n                xmlns=\"http:\/\/www.w3.org\/2000\/svg\"\n                width=\"20\"\n                height=\"20\"\n                viewBox=\"0 0 20 20\"\n                fill=\"none\"\n              >\n                <path\n                  d=\"M10 0L13.09 6.26L20 7.27L15 12.14L16.18 19.02L10 15.77L3.82 19.02L5 12.14L0 7.27L6.91 6.26L10 0Z\"\n                  fill=\"black\"\n                \/>\n              <\/svg>\n            <\/div>\n            <p>\n              \"After using Kaes Teo’s Pulling Oil for just a month, I noticed a\n              huge improvement in my oral health. It’s such a natural and\n              effective product. My mouth feels cleaner and my breath is fresher\n              all day.\"\n            <\/p>\n            <p class=\"testimonial-author\">David P, Ohio<\/p>\n          <\/div>\n        <\/div>\n      <\/div>\n      <!-- Repeat similar structure for other items -->\n    <\/div>\n  <\/div>\n<\/div>\n<script>\n  $(document).ready(function () {\n    $(\".owl-carousel\").owlCarousel({\n      loop: true,\n      margin: 30,\n      nav: false,\n      autoplay: true,\n      autoplayTimeout: 2000,\n      autoplayHoverPause: true,\n      responsive: {\n        0: {\n          items: 1,\n          autoplayTimeout: 5000,\n        },\n\n        992: {\n          items: 2, \/\/ Display two items on larger screens\n          autoplayTimeout: 5000,\n        },\n      },\n      animateOut: \"fadeOut\",\n      animateIn: \"fadeIn\",\n      smartSpeed: 2000,\n    });\n  });\n<\/script>","color_scheme":"","padding_top":0,"padding_bottom":0}},"custom_liquid_3BBe7U":{"type":"custom-liquid","disabled":true,"settings":{"custom_liquid":"<div class=\"marquee__section text-white d-flex justify-content-between\">\n   \n        <span>Average reviews <\/span>\n        <img src=\"https:\/\/cdn.shopify.com\/s\/files\/1\/0584\/1204\/0269\/files\/Frame_248.svg?v=1714547404\">\n        <span>4\/5 6 Reviews<\/span>\n       \n       \n   \n<\/div>","color_scheme":"","padding_top":0,"padding_bottom":0}},"image_banner_GpCqrJ":{"type":"image-banner","blocks":{"heading_MAdFLr":{"type":"heading","settings":{"heading":"Your Pathway to Natural Radiance, Pure Indian or Black, Your Beauty Essential","heading_size":"h0"}},"buttons_PYW49z":{"type":"buttons","settings":{"button_label_1":"SHOP US ON AMAZON","button_link_1":"https:\/\/amazon.com\/stores\/page\/A07196E6-CDFC-4DA0-AAFC-4DC7EC1022E8","button_style_secondary_1":true,"button_label_2":"","button_link_2":"","button_style_secondary_2":false}}},"block_order":["heading_MAdFLr","buttons_PYW49z"],"custom_css":[".button {background-color: #fff;}"],"settings":{"image":"shopify:\/\/shop_images\/amazon.jpg","image_overlay_opacity":0,"image_height":"medium","desktop_content_position":"middle-center","show_text_box":false,"desktop_content_alignment":"center","color_scheme":"scheme-3","image_behavior":"fixed","mobile_content_alignment":"center","stack_images_on_mobile":true,"show_text_below":false}}},"order":["main","rich_text_bpNRXT","image_banner_ezXpRE","custom_liquid_nEQbrd","custom_liquid_AkAbTc","custom_liquid_8nQdXz","custom_liquid_JhiKGb","custom_liquid_GMpgMX","custom_liquid_Rt6Eec","custom_liquid_Xknr46","custom_liquid_cEbmKX","related-products","featured_collection_Q6kMgX","rich_text_X9wpCF","custom_liquid_FQxkHw","custom_liquid_3BBe7U","image_banner_GpCqrJ"]}