{"name":"t:sections.footer.name","type":"footer","sections":{"custom_liquid_TUKpN7":{"type":"custom-liquid","disabled":true,"settings":{"custom_liquid":"<div class=\"footer__section\">\n    <div class=\"container-fluid\">\n        <div class=\"footer_top\">\n            <div class=\"row justify-content-between\">\n                <div class=\"col-lg-2\">\n                    <img src=\"https:\/\/cdn.shopify.com\/s\/files\/1\/0584\/1204\/0269\/files\/footer-logo.png?v=1711517916\">\n                <\/div>\n\n                <div class=\"col-lg-7\">\n                    <div class=\"footer-links\">\n                        <div class=\"footer__links\">\n                            <h4>Shop<\/h4>\n\n                            <ul>\n                                <li><a href=\"#\"> Oils and Serums <\/a><\/li>\n                                <li><a href=\"#\"> Oral Care<\/a><\/li>\n                            <\/ul>\n                        <\/div>\n\n                        <div class=\"footer__links\">\n                            <h4><a href=\"https:\/\/kaesteo.myshopify.com\/pages\/about\">About<\/a><\/h4>\n\n                            <ul>\n                                <li><a href=\"#\"> Our Journey <\/a><\/li>\n                                <li><a href=\"#\"> Our Team<\/a><\/li>\n                                <li><a href=\"#\"> Our History<\/a><\/li>\n                            <\/ul>\n                        <\/div>\n\n                        <div class=\"footer__links\">\n                            <h4>Help<\/h4>\n\n                            <ul>\n                                <li><a href=\"#\">FAQs <\/a><\/li>\n                                <li><a href=\"#\"> Returns\/ Refunds<\/a><\/li>\n                                <li><a href=\"#\"> Contact<\/a><\/li>\n                            <\/ul>\n                        <\/div>\n                    <\/div>\n\n\n                <\/div>\n            <\/div>\n        <\/div>\n        <div class=\"footer_top\">\n            <div class=\"row justify-content-between\">\n                <div class=\"col-lg-2\">\n                    <img src=\"https:\/\/cdn.shopify.com\/s\/files\/1\/0584\/1204\/0269\/files\/footer-logo2.png?v=1711517916\">\n                <\/div>\n\n                <div class=\"col-lg-7\">\n                    <div class=\"footer__nl\">\n                        <p class=\"mb-0\">Sign Up for Newsletter<\/p>\n                        <a href=\"#\" class=\"btn__new\"> KNOW MORE <\/a>\n                    <\/div>\n                <\/div>\n            <\/div>\n        <\/div>\n        <div class=\"footer_bottom\">\n            <div class=\"row\">\n                <div class=\"col-lg-4\">\n                    Kaes Teo 2024\n                <\/div>\n\n                <div class=\"col-lg-8\">\n                    <div class=\"footer__social\">\n                        <p>Follow Us on<\/p>\n                        <a href=\"https:\/\/instagram.com\/thekaesteo\"> <img\n                                src=\"https:\/\/cdn.shopify.com\/s\/files\/1\/0584\/1204\/0269\/files\/instagram.svg?v=1711598147\" \/><\/a>\n                        <a href=\"#\"><img\n                                src=\"https:\/\/cdn.shopify.com\/s\/files\/1\/0584\/1204\/0269\/files\/linkedin.svg?v=1711598147\" \/><\/a>\n                        <a href=\"#\"> <img\n                                src=\"https:\/\/cdn.shopify.com\/s\/files\/1\/0584\/1204\/0269\/files\/facebook.svg?v=1711598146\" \/><\/a>\n                    <\/div>\n                <\/div>\n            <\/div>\n        <\/div>\n    <\/div>\n<\/div>","color_scheme":"","padding_top":0,"padding_bottom":0}},"footer":{"type":"footer","blocks":{"image_waLKtf":{"type":"image","settings":{"image":"shopify:\/\/shop_images\/Group_26.png","image_width":155,"alignment":""}},"link_list_BtUEEb":{"type":"link_list","settings":{"heading":"Shop","menu":"shop"}},"link_list_r49D9h":{"type":"link_list","settings":{"heading":"Quick Links","menu":"about"}},"link_list_WriD96":{"type":"link_list","settings":{"heading":"Help","menu":"help"}},"text_y7KBnM":{"type":"text","settings":{"heading":"","subtext":""}}},"block_order":["image_waLKtf","link_list_BtUEEb","link_list_r49D9h","link_list_WriD96","text_y7KBnM"],"settings":{"color_scheme":"scheme-3","newsletter_enable":true,"newsletter_heading":"Sign up for Newsletter","enable_follow_on_shop":false,"show_social":true,"enable_country_selector":false,"enable_language_selector":false,"payment_enable":false,"show_policy":false,"margin_top":0,"padding_top":32,"padding_bottom":48}}},"order":["custom_liquid_TUKpN7","footer"]}