{"sections":{"main":{"type":"main-blog","settings":{"layout":"collage","show_image":true,"image_height":"medium","show_date":true,"show_author":true,"padding_top":36,"padding_bottom":36}},"featured_blog_TLDnQC":{"type":"featured-blog","settings":{"heading":"Blog posts","heading_size":"h1","blog":"","post_limit":3,"columns_desktop":1,"color_scheme":"","show_image":true,"show_date":true,"show_author":false,"show_view_all":true,"padding_top":36,"padding_bottom":36}}},"order":["main","featured_blog_TLDnQC"]}