{"sections":{"custom_liquid_bRyAwt":{"type":"custom-liquid","settings":{"custom_liquid":"<div class=\"hero-banner-slider\">\n    <div id=\"carouselExampleIndicators\" class=\"carousel slide\" data-bs-ride=\"carousel\" data-bs-interval=\"5000\" data-bs-pause=\"false\">\n        <div class=\"carousel-indicators\">\n            <button type=\"button\" data-bs-target=\"#carouselExampleIndicators\" data-bs-slide-to=\"0\" class=\"active\"\n                aria-current=\"true\" aria-label=\"Slide 1\"><\/button>\n            <button type=\"button\" data-bs-target=\"#carouselExampleIndicators\" data-bs-slide-to=\"1\"\n                aria-label=\"Slide 2\"><\/button>\n            <button type=\"button\" data-bs-target=\"#carouselExampleIndicators\" data-bs-slide-to=\"2\"\n                aria-label=\"Slide 3\"><\/button>\n        <\/div>\n        <div class=\"carousel-inner\">\n            <div class=\"carousel-item active\">\n                <div class=\"row g-0\">\n                    <div class=\"col-lg-5 col-md-5 col-sm-12 col-12\">\n                        <div class=\"hero-banner-content\">\n                            <div class=\"hero-banner-description\">\n                                <h2>Kaes Teo<br> from the <br>roots of Ayurveda<\/h2>\n                                <p>Revival of ancient Indian wisdom for the world's modern needs.<\/p>\n                            <\/div>\n                            <div class=\"hero-banner-cta\">\n                                <a href=\"https:\/\/kaesteo.myshopify.com\/collections\/all\">Shop Now<\/a>\n                            <\/div>\n                        <\/div>\n                    <\/div>\n                    <div class=\"col-lg-7 col-md-7 col-sm-12 col-12\">\n                        <div class=\"hero-banner-image\">\n                            <img src=\"https:\/\/cdn.shopify.com\/s\/files\/1\/0584\/1204\/0269\/files\/Group_1_1.jpg?v=1713763141\"\n                                alt=\"Root of Ayurveda\">\n                        <\/div>\n                    <\/div>\n                <\/div>\n            <\/div>\n\n            <div class=\"carousel-item\">\n                <div class=\"row g-0\">\n                    <div class=\"col-lg-5 col-md-5 col-sm-12 col-12\">\n                        <div class=\"hero-banner-content yellow\">\n                            <div class=\"hero-banner-description\">\n                                <h2>Embrace nature<br>with our <br>Castor Oil.<\/h2>\n                                <p>Castor oil strengthens hair, repairs split ends, and nourishes skin for luscious locks and a radiant glow.<\/p>\n                            <\/div>\n                            <div class=\"hero-banner-cta\">\n                                <a href=\"https:\/\/kaesteo.myshopify.com\/collections\/all\">Shop Now<\/a>\n                            <\/div>\n                        <\/div>\n                    <\/div>\n                    <div class=\"col-lg-7 col-md-7 col-sm-12 col-12\">\n                        <div class=\"hero-banner-image\">\n                            <img src=\"https:\/\/cdn.shopify.com\/s\/files\/1\/0584\/1204\/0269\/files\/blogbanner41.jpg?v=1717069460\"\n                                alt=\"Castor Oil\">\n                        <\/div>\n                    <\/div>\n                <\/div>\n            <\/div>\n            <div class=\"carousel-item\">\n                <div class=\"row g-0\">\n                    <div class=\"col-lg-5 col-md-5 col-sm-12 col-12\">\n                        <div class=\"hero-banner-content orange\">\n                            <div class=\"hero-banner-description\">\n                                <h2>Smile Brighter <br>with our Pulling oil.<\/h2>\n                                <p>A gentle yet effective way to cleanse and revitalize your oral hygiene routine in\n                                    two\n                                    refreshing flavours.<\/p>\n                            <\/div>\n                            <div class=\"hero-banner-cta\">\n                                <a href=\"https:\/\/kaesteo.myshopify.com\/collections\/all\">Shop Now<\/a>\n                            <\/div>\n                        <\/div>\n                    <\/div>\n                    <div class=\"col-lg-7 col-md-7 col-sm-12 col-12\">\n                        <div class=\"hero-banner-image\">\n                            <img src=\"https:\/\/cdn.shopify.com\/s\/files\/1\/0584\/1204\/0269\/files\/blogbanner61.jpg?v=1717069460\"\n                                alt=\"Pulling Oil\">\n                        <\/div>\n                    <\/div>\n                <\/div>\n            <\/div>\n        <\/div>\n    <\/div>\n<\/div>","color_scheme":"","padding_top":0,"padding_bottom":0}},"custom_liquid_Vp4Qtw":{"type":"custom-liquid","settings":{"custom_liquid":"<div class=\"about_section\">\n    <div class=\"container-fluid\">\n\n        <img src=\"https:\/\/cdn.shopify.com\/s\/files\/1\/0584\/1204\/0269\/files\/bg_abouts.png?v=1711512875\" class=\"bg__1\"\n            data-aos=\"fade-right\" data-aos-easing=\"linear\" data-aos-duration=\"500\">\n        <img src=\"https:\/\/cdn.shopify.com\/s\/files\/1\/0584\/1204\/0269\/files\/bg_abouts2.png?v=1711512875\" class=\"bg__2\"\n            data-aos=\"fade-left\" data-aos-easing=\"linear\" data-aos-duration=\"750\">\n        <h3 data-aos=\"fade-up\" data-aos-easing=\"linear\" data-aos-duration=\"1000\">Rooted in heritage, guided by <br>\n            nature; Ayurvedic wisdom <br> pressed in a bottle<\/h3>\n        <a href=\"https:\/\/kaesteo.com\/pages\/about\" class=\"btn__new\" data-aos=\"fade-top\" data-aos-easing=\"linear\" data-aos-duration=\"1250\"> About Us <\/a>\n    <\/div>\n<\/div>","color_scheme":"","padding_top":0,"padding_bottom":0}},"featured_collection_YXhmdf":{"type":"featured-collection","custom_css":[],"settings":{"title":"","heading_size":"h2","description":"","show_description":false,"description_style":"body","collection":"organic-oils-home-page","products_to_show":2,"columns_desktop":2,"full_width":false,"show_view_all":false,"view_all_style":"solid","enable_desktop_slider":false,"color_scheme":"scheme-1","image_ratio":"adapt","image_shape":"default","show_secondary_image":false,"show_vendor":false,"show_rating":false,"quick_add":"none","columns_mobile":"2","swipe_on_mobile":false,"padding_top":0,"padding_bottom":0}},"featured_collection_NfULKz":{"type":"featured-collection","custom_css":[],"settings":{"title":"","heading_size":"h2","description":"","show_description":false,"description_style":"body","collection":"pulling-oil-homepage","products_to_show":2,"columns_desktop":2,"full_width":false,"show_view_all":false,"view_all_style":"link","enable_desktop_slider":false,"color_scheme":"","image_ratio":"adapt","image_shape":"default","show_secondary_image":false,"show_vendor":false,"show_rating":false,"quick_add":"none","columns_mobile":"2","swipe_on_mobile":false,"padding_top":36,"padding_bottom":36}},"custom_liquid_6DmN34":{"type":"custom-liquid","settings":{"custom_liquid":"<div class=\"marquee__area\">  \n<div class=\"marquee__section\">\n    <div class=\"logos-slide \">\n       <span>Zero Chemicals<\/span>\n       <img src=\"https:\/\/cdn.shopify.com\/s\/files\/1\/0584\/1204\/0269\/files\/flower.svg?v=1711600661\">\n       <span>Herbal<\/span>\n       <img src=\"https:\/\/cdn.shopify.com\/s\/files\/1\/0584\/1204\/0269\/files\/flower.svg?v=1711600661\">\n       <span>Unrefined<\/span>\n       <img src=\"https:\/\/cdn.shopify.com\/s\/files\/1\/0584\/1204\/0269\/files\/flower.svg?v=1711600661\">\n       <span>Cold Pressed<\/span>\n       <img src=\"https:\/\/cdn.shopify.com\/s\/files\/1\/0584\/1204\/0269\/files\/flower.svg?v=1711600661\">\n       <span>Healthier Skin<\/span>\n       <img src=\"https:\/\/cdn.shopify.com\/s\/files\/1\/0584\/1204\/0269\/files\/flower.svg?v=1711600661\">\n    <\/div>\n <\/div>\n <\/div>\n <script>\n    var copy = document.querySelector(\".logos-slide\").cloneNode(true);\n    document.querySelector(\".marquee__section\").appendChild(copy);\n <\/script>","color_scheme":"","padding_top":0,"padding_bottom":0}},"custom_liquid_ka9i8n":{"type":"custom-liquid","settings":{"custom_liquid":"<div class=\"tabs__section\">\n   <img src=\"https:\/\/cdn.shopify.com\/s\/files\/1\/0584\/1204\/0269\/files\/tab2-flower.svg?v=1712304791\" class=\"tab2_flower\">\n   <img src=\"https:\/\/cdn.shopify.com\/s\/files\/1\/0584\/1204\/0269\/files\/tab2-flower2.png?v=1712306497\"\n      class=\"tab2_flower tab2_flower2\" alt=\"leafs\">\n   <img src=\"https:\/\/cdn.shopify.com\/s\/files\/1\/0584\/1204\/0269\/files\/tab2-flower2.png?v=1712306497\"\n      class=\"tab2_flower tab2_flower3\" alt=\"leafs2\">\n   <img src=\"https:\/\/cdn.shopify.com\/s\/files\/1\/0584\/1204\/0269\/files\/tab1-flower2.png?v=1712306758\"\n      class=\"tab2_flower tab2_flower4\" alt=\"leafs3\">\n   <img src=\"https:\/\/cdn.shopify.com\/s\/files\/1\/0584\/1204\/0269\/files\/tab1-flower.png?v=1712306757\"\n      class=\"tab2_flower tab2_flower5\" alt=\"leafs4\">\n   <div class=\"container-fluid\">\n      <div class=\"row gx-0\">\n         <div class=\"col-lg-6\">\n            <div class=\"tabs1\">\n               <img src=\"https:\/\/cdn.shopify.com\/s\/files\/1\/0584\/1204\/0269\/files\/blackpure.png?v=1722412458\"\n                  class=\"normaltab\" alt=\"Indian Castor Oil\">\n               <img src=\"https:\/\/cdn.shopify.com\/s\/files\/1\/0584\/1204\/0269\/files\/mintcinna.png?v=1722413192\"\n                  class=\"spcltab\" alt=\"MOuth Pulling Oil\">\n            <\/div>\n         <\/div>\n         <div class=\"col-lg-6\">\n            <div class=\"tabs2\">\n               <h6 class=\"tab__btn\" id=\"tab__btn\">\n                  <a href=\"#\" class=\"active tab-btn\" id=\"tabs__mouth\">Indian Castor Oil<\/a>\n                  <a href=\"#\" class=\"tab-btn\">Mouth Pulling Oil<\/a>\n               <\/h6>\n               <div class=\"tab-product1\">\n                  <h3>\n                     Ayurvedic beauty <br>\n                     secret for visible hair <br>\n                     growth and healthy skin\n                  <\/h3>\n                  <ul>\n                     <li>\n                        <span><img\n                           src=\"https:\/\/cdn.shopify.com\/s\/files\/1\/0584\/1204\/0269\/files\/arrowli.svg?v=1711599852\" alt=\"Tick\"><\/span>Nourishes\n                        hair follicles, controls hairfall\n                     <\/li>\n                     <li>\n                        <span><img\n                           src=\"https:\/\/cdn.shopify.com\/s\/files\/1\/0584\/1204\/0269\/files\/arrowli.svg?v=1711599852\" alt=\"Tick2\"><\/span>Encourages\n                        thick and fuller hair growth\n                     <\/li>\n                     <li>\n                        <span><img\n                           src=\"https:\/\/cdn.shopify.com\/s\/files\/1\/0584\/1204\/0269\/files\/arrowli.svg?v=1711599852\" alt=\"Tick3\"><\/span>Locks\n                        in moisture and hydrates skin\n                     <\/li>\n                     <li>\n                        <span><img\n                           src=\"https:\/\/cdn.shopify.com\/s\/files\/1\/0584\/1204\/0269\/files\/arrowli.svg?v=1711599852\" alt=\"Tick4\"><\/span>\n                        Helps in strengthening nail bed for healthy nail growth\n                     <\/li>\n                  <\/ul>\n                  <a href=\"https:\/\/kaesteo.com\/collections\/serums\" class=\"btn__new bg-white\">KNOW MORE<\/a>\n               <\/div>\n               <div class=\"tab-product2\">\n                  <h3>\n                     An ancient Indian folk <br>\n                     remedy for your overall <br>\n                     oral health\n                  <\/h3>\n                  <ul>\n                     <li>\n                        <span><img\n                           src=\"https:\/\/cdn.shopify.com\/s\/files\/1\/0584\/1204\/0269\/files\/arrowli.svg?v=1711599852\" alt=\"Tick5\"><\/span>\n                        Helps in teeth brightening and gum health\n                     <\/li>\n                     <li>\n                        <span><img\n                           src=\"https:\/\/cdn.shopify.com\/s\/files\/1\/0584\/1204\/0269\/files\/arrowli.svg?v=1711599852\" alt=\"Tick6\"><\/span>\n                        Prevents headache and alleviated allergies\n                     <\/li>\n                     <li>\n                        <span><img\n                           src=\"https:\/\/cdn.shopify.com\/s\/files\/1\/0584\/1204\/0269\/files\/arrowli.svg?v=1711599852\" alt=\"Tick7\"><\/span>\n                        Improves skin health\n                     <\/li>\n                     <li>\n                        <span><img\n                           src=\"https:\/\/cdn.shopify.com\/s\/files\/1\/0584\/1204\/0269\/files\/arrowli.svg?v=1711599852\" alt=\"Tick8\"><\/span>\n                        Helps in sinus cleansing and refreshes taste buds\n                     <\/li>\n                  <\/ul>\n                  <a href=\"https:\/\/kaesteo.com\/collections\/oral-care\" class=\"btn__new bg-white\">KNOW MORE<\/a>\n               <\/div>\n            <\/div>\n         <\/div>\n      <\/div>\n   <\/div>\n<\/div>\n<script>\n   document.addEventListener(\"DOMContentLoaded\", function () {\n       var tabButtons = document.querySelectorAll(\".tab-btn\");\n   \n       tabButtons.forEach(function (button) {\n           button.addEventListener(\"click\", function (event) {\n               event.preventDefault();\n               tabButtons.forEach(function (btn) {\n                   btn.classList.remove(\"active\");\n               });\n               this.classList.add(\"active\");\n           });\n       });\n   });\n<\/script>\n<script>\n   var tabsMouth = document.getElementById(\"tabs__mouth\");\n   var tabsSection = document.querySelector(\".tabs__section\");\n   document.querySelectorAll(\".tab-btn\").forEach(function (element) {\n       element.addEventListener(\"click\", function () {\n           tabsSection.removeAttribute(\"id\");\n           if (tabsMouth.classList.contains(\"active\")) {  \n               tabsSection.id = \"tabs__section1\";\n           }\n       });\n   });\n<\/script>","color_scheme":"","padding_top":0,"padding_bottom":0}},"custom_liquid_7Cdgqz":{"type":"custom-liquid","settings":{"custom_liquid":"<div class=\"our__story\">\n    <img src=\"https:\/\/cdn.shopify.com\/s\/files\/1\/0584\/1204\/0269\/files\/bg_story1.png?v=1711526340\" class=\"bg_story1\">\n    <img src=\"https:\/\/cdn.shopify.com\/s\/files\/1\/0584\/1204\/0269\/files\/bg_story2.png?v=1711526340\" class=\"bg_story2\">\n    <div class=\"container-fluid\">\n        <h6>OUR STORY<\/h6>\n        <div class=\"row gx-lg-5\">\n            <div class=\"col-lg-4\">\n                <div class=\"our__story_content\">\n                    <p>In a world where beauty is often obscured by fleeting trends and artificial enhancements, emerges a radiant beacon guiding us back to our roots – Kaes Teo.<\/p>\n\n                    <p>The name blends heritage and divinity, with \"Kaes\" symbolising purity and \"Teo\" symbolising a gift from god.<\/p>\n                <\/div>\n            <\/div>\n\n            <div class=\"col-lg-4\">\n                <img src=\"https:\/\/cdn.shopify.com\/s\/files\/1\/0584\/1204\/0269\/files\/AUNTMAA.png?v=1716877529\">\n            <\/div>\n\n            <div class=\"col-lg-4\">\n                <div class=\"our__story_content2\">\n                    <div class=\"our__story_content21\">\n                        <p>As custodians of wisdom and trailblazers, we invite you to join our transformative journey. With Kaes Teo, wellness becomes a soulful ritual, refined through generations.<\/p>\n                        <a href=\"https:\/\/kaesteo.com\/pages\/about\" class=\"btn__new\">KNOW MORE<\/a>\n                    <\/div>\n                <\/div>\n            <\/div>\n        <\/div>\n    <\/div>\n<\/div>","color_scheme":"","padding_top":0,"padding_bottom":0}},"custom_liquid_AGGxr9":{"type":"custom-liquid","custom_css":[],"settings":{"custom_liquid":"<div class=\"client__logo\">\n    <div class=\"container-fluid\">\n        <div class=\"client__logopanelbg\">\n            <div class=\"client__logopanel\">\n                <div class=\"client__logoarea\">\n                    <img src=\"https:\/\/cdn.shopify.com\/s\/files\/1\/0584\/1204\/0269\/files\/vogue-logo.png?v=1711534561\" alt=\"Vogue Logo\" \/>\n                    <img src=\"https:\/\/cdn.shopify.com\/s\/files\/1\/0584\/1204\/0269\/files\/elle-logo.png?v=1711534561\" alt=\"Eelle Logo\" \/>\n                    <img src=\"https:\/\/cdn.shopify.com\/s\/files\/1\/0584\/1204\/0269\/files\/allure-logo.png?v=1711534561\" alt=\"allure Logo\" \/>\n                    <img src=\"https:\/\/cdn.shopify.com\/s\/files\/1\/0584\/1204\/0269\/files\/instyle-logo.png?v=1711534561\" alt=\"Instyle Logo\" \/>\n                    <img src=\"https:\/\/cdn.shopify.com\/s\/files\/1\/0584\/1204\/0269\/files\/forbes-logo.png?v=1711534561\" alt=\"Forbes Logo\" \/>\n                <\/div>\n            <\/div>\n        <\/div>\n    <\/div>\n<\/div>\n\n\n\n<script>\n  var copy = document.querySelector(\".client__logoarea\").cloneNode(true);\n            document.querySelector(\".client__logopanel\").appendChild(copy);\n<\/script>","color_scheme":"","padding_top":0,"padding_bottom":0}},"17285922255184d110":{"type":"apps","settings":{"include_margins":true}},"rich_text_9xAhHn":{"type":"rich-text","blocks":{"heading_e4g8NV":{"type":"heading","settings":{"heading":"OUR CLIENTS LOVE US","heading_size":"h2"}}},"block_order":["heading_e4g8NV"],"disabled":true,"custom_css":["h2 {font-size: 24px; color: #db5026;}",".rich-text.content-container {background-color: #fdf1c2;}"],"settings":{"desktop_content_position":"center","content_alignment":"center","color_scheme":"","full_width":true,"padding_top":24,"padding_bottom":0}},"custom_liquid_j4Kfwz":{"type":"custom-liquid","disabled":true,"settings":{"custom_liquid":"<div class=\"testimonail-owl-slider\">\n    <div class=\"container-fluid\">\n        <div class=\"owl-carousel owl-theme\">\n            <div class=\"item\">\n                <div class=\"row\">\n                    <div class=\"col-md-6\">\n                        <img src=\"https:\/\/cdn.shopify.com\/s\/files\/1\/0584\/1204\/0269\/files\/image-1.png?v=1717583551\"\n                            alt=\"Product Image 1\">\n                    <\/div>\n                    <div class=\"col-md-6 testimonial-content\">\n                        <div class=\"star-rating mb-3\">\n                            <svg xmlns=\"http:\/\/www.w3.org\/2000\/svg\" width=\"20\" height=\"20\" viewBox=\"0 0 20 20\"\n                                fill=\"none\">\n                                <path\n                                    d=\"M10 0L13.09 6.26L20 7.27L15 12.14L16.18 19.02L10 15.77L3.82 19.02L5 12.14L0 7.27L6.91 6.26L10 0Z\"\n                                    fill=\"black\" \/>\n                            <\/svg>\n                            <svg xmlns=\"http:\/\/www.w3.org\/2000\/svg\" width=\"20\" height=\"20\" viewBox=\"0 0 20 20\"\n                                fill=\"none\">\n                                <path\n                                    d=\"M10 0L13.09 6.26L20 7.27L15 12.14L16.18 19.02L10 15.77L3.82 19.02L5 12.14L0 7.27L6.91 6.26L10 0Z\"\n                                    fill=\"black\" \/>\n                            <\/svg>\n                            <svg xmlns=\"http:\/\/www.w3.org\/2000\/svg\" width=\"20\" height=\"20\" viewBox=\"0 0 20 20\"\n                                fill=\"none\">\n                                <path\n                                    d=\"M10 0L13.09 6.26L20 7.27L15 12.14L16.18 19.02L10 15.77L3.82 19.02L5 12.14L0 7.27L6.91 6.26L10 0Z\"\n                                    fill=\"black\" \/>\n                            <\/svg>\n                            <svg xmlns=\"http:\/\/www.w3.org\/2000\/svg\" width=\"20\" height=\"20\" viewBox=\"0 0 20 20\"\n                                fill=\"none\">\n                                <path\n                                    d=\"M10 0L13.09 6.26L20 7.27L15 12.14L16.18 19.02L10 15.77L3.82 19.02L5 12.14L0 7.27L6.91 6.26L10 0Z\"\n                                    fill=\"black\" \/>\n                            <\/svg>\n                            <svg xmlns=\"http:\/\/www.w3.org\/2000\/svg\" width=\"20\" height=\"20\" viewBox=\"0 0 20 20\"\n                                fill=\"none\">\n                                <path\n                                    d=\"M10 0L13.09 6.26L20 7.27L15 12.14L16.18 19.02L10 15.77L3.82 19.02L5 12.14L0 7.27L6.91 6.26L10 0Z\"\n                                    fill=\"black\" \/>\n                            <\/svg>\n                        <\/div>\n                        <p>\"I've been using Kaes Teo's Pure Castor Oil for a few months now, my hair has never felt\n                            healthier! It's super moisturizing and has cut down breakage a lot. Highly recommend it to\n                            anyone looking to step up their hair game.\"\n                        <\/p>\n                        <p class=\"testimonial-author\">Sarah M, New York<\/p>\n                    <\/div>\n                <\/div>\n            <\/div>\n            <div class=\"item\">\n                <div class=\"row\">\n                    <div class=\"col-md-6\">\n                        <img src=\"https:\/\/cdn.shopify.com\/s\/files\/1\/0584\/1204\/0269\/files\/image-2.png?v=1717583551\"\n                            alt=\"Product Image 2\">\n                    <\/div>\n                    <div class=\"col-md-6 testimonial-content\">\n                        <div class=\"star-rating mb-3\">\n                            <svg xmlns=\"http:\/\/www.w3.org\/2000\/svg\" width=\"20\" height=\"20\" viewBox=\"0 0 20 20\"\n                                fill=\"none\">\n                                <path\n                                    d=\"M10 0L13.09 6.26L20 7.27L15 12.14L16.18 19.02L10 15.77L3.82 19.02L5 12.14L0 7.27L6.91 6.26L10 0Z\"\n                                    fill=\"black\" \/>\n                            <\/svg>\n                            <svg xmlns=\"http:\/\/www.w3.org\/2000\/svg\" width=\"20\" height=\"20\" viewBox=\"0 0 20 20\"\n                                fill=\"none\">\n                                <path\n                                    d=\"M10 0L13.09 6.26L20 7.27L15 12.14L16.18 19.02L10 15.77L3.82 19.02L5 12.14L0 7.27L6.91 6.26L10 0Z\"\n                                    fill=\"black\" \/>\n                            <\/svg>\n                            <svg xmlns=\"http:\/\/www.w3.org\/2000\/svg\" width=\"20\" height=\"20\" viewBox=\"0 0 20 20\"\n                                fill=\"none\">\n                                <path\n                                    d=\"M10 0L13.09 6.26L20 7.27L15 12.14L16.18 19.02L10 15.77L3.82 19.02L5 12.14L0 7.27L6.91 6.26L10 0Z\"\n                                    fill=\"black\" \/>\n                            <\/svg>\n                            <svg xmlns=\"http:\/\/www.w3.org\/2000\/svg\" width=\"20\" height=\"20\" viewBox=\"0 0 20 20\"\n                                fill=\"none\">\n                                <path\n                                    d=\"M10 0L13.09 6.26L20 7.27L15 12.14L16.18 19.02L10 15.77L3.82 19.02L5 12.14L0 7.27L6.91 6.26L10 0Z\"\n                                    fill=\"black\" \/>\n                            <\/svg>\n                            <svg xmlns=\"http:\/\/www.w3.org\/2000\/svg\" width=\"20\" height=\"20\" viewBox=\"0 0 20 20\"\n                                fill=\"none\">\n                                <path\n                                    d=\"M10 0L13.09 6.26L20 7.27L15 12.14L16.18 19.02L10 15.77L3.82 19.02L5 12.14L0 7.27L6.91 6.26L10 0Z\"\n                                    fill=\"black\" \/>\n                            <\/svg>\n                        <\/div>\n                        <p>\"Kaes Teo's Black Castor Oil is a game-changer for my scalp. It soothes irritation and\n                            promotes hair growth like nothing else I've tried. My hair is thicker and stronger, I\n                            couldn't be happier with it!\"\n                        <\/p>\n                        <p class=\"testimonial-author\">Jason L, California<\/p>\n                    <\/div>\n                <\/div>\n            <\/div>\n            <div class=\"item\">\n                <div class=\"row\">\n                    <div class=\"col-md-6\">\n                        <img src=\"https:\/\/cdn.shopify.com\/s\/files\/1\/0584\/1204\/0269\/files\/image-3.png?v=1717583551\"\n                            alt=\"Product Image 3\">\n                    <\/div>\n                    <div class=\"col-md-6 testimonial-content\">\n                        <div class=\"star-rating mb-3\">\n                            <svg xmlns=\"http:\/\/www.w3.org\/2000\/svg\" width=\"20\" height=\"20\" viewBox=\"0 0 20 20\"\n                                fill=\"none\">\n                                <path\n                                    d=\"M10 0L13.09 6.26L20 7.27L15 12.14L16.18 19.02L10 15.77L3.82 19.02L5 12.14L0 7.27L6.91 6.26L10 0Z\"\n                                    fill=\"black\" \/>\n                            <\/svg>\n                            <svg xmlns=\"http:\/\/www.w3.org\/2000\/svg\" width=\"20\" height=\"20\" viewBox=\"0 0 20 20\"\n                                fill=\"none\">\n                                <path\n                                    d=\"M10 0L13.09 6.26L20 7.27L15 12.14L16.18 19.02L10 15.77L3.82 19.02L5 12.14L0 7.27L6.91 6.26L10 0Z\"\n                                    fill=\"black\" \/>\n                            <\/svg>\n                            <svg xmlns=\"http:\/\/www.w3.org\/2000\/svg\" width=\"20\" height=\"20\" viewBox=\"0 0 20 20\"\n                                fill=\"none\">\n                                <path\n                                    d=\"M10 0L13.09 6.26L20 7.27L15 12.14L16.18 19.02L10 15.77L3.82 19.02L5 12.14L0 7.27L6.91 6.26L10 0Z\"\n                                    fill=\"black\" \/>\n                            <\/svg>\n                            <svg xmlns=\"http:\/\/www.w3.org\/2000\/svg\" width=\"20\" height=\"20\" viewBox=\"0 0 20 20\"\n                                fill=\"none\">\n                                <path\n                                    d=\"M10 0L13.09 6.26L20 7.27L15 12.14L16.18 19.02L10 15.77L3.82 19.02L5 12.14L0 7.27L6.91 6.26L10 0Z\"\n                                    fill=\"black\" \/>\n                            <\/svg>\n                            <svg xmlns=\"http:\/\/www.w3.org\/2000\/svg\" width=\"20\" height=\"20\" viewBox=\"0 0 20 20\"\n                                fill=\"none\">\n                                <path\n                                    d=\"M10 0L13.09 6.26L20 7.27L15 12.14L16.18 19.02L10 15.77L3.82 19.02L5 12.14L0 7.27L6.91 6.26L10 0Z\"\n                                    fill=\"black\" \/>\n                            <\/svg>\n                        <\/div>\n                        <p>\"I started oil pulling with Kaes Teo's Pulling Oil, and wow, my teeth are whiter and my gums\n                            feel so much healthier. Plus, it leaves my mouth feeling fresh all day. Never going back to\n                            regular mouthwash!\"\n                        <\/p>\n                        <p class=\"testimonial-author\">Emily S, Florida<\/p>\n                    <\/div>\n                <\/div>\n            <\/div>\n            <div class=\"item\">\n                <div class=\"row\">\n                    <div class=\"col-md-6\">\n                        <img src=\"https:\/\/cdn.shopify.com\/s\/files\/1\/0584\/1204\/0269\/files\/image-4.png?v=1717583621\"\n                            alt=\"Product Image 4\">\n                    <\/div>\n                    <div class=\"col-md-6 testimonial-content\">\n                        <div class=\"star-rating mb-3\">\n                            <svg xmlns=\"http:\/\/www.w3.org\/2000\/svg\" width=\"20\" height=\"20\" viewBox=\"0 0 20 20\"\n                                fill=\"none\">\n                                <path\n                                    d=\"M10 0L13.09 6.26L20 7.27L15 12.14L16.18 19.02L10 15.77L3.82 19.02L5 12.14L0 7.27L6.91 6.26L10 0Z\"\n                                    fill=\"black\" \/>\n                            <\/svg>\n                            <svg xmlns=\"http:\/\/www.w3.org\/2000\/svg\" width=\"20\" height=\"20\" viewBox=\"0 0 20 20\"\n                                fill=\"none\">\n                                <path\n                                    d=\"M10 0L13.09 6.26L20 7.27L15 12.14L16.18 19.02L10 15.77L3.82 19.02L5 12.14L0 7.27L6.91 6.26L10 0Z\"\n                                    fill=\"black\" \/>\n                            <\/svg>\n                            <svg xmlns=\"http:\/\/www.w3.org\/2000\/svg\" width=\"20\" height=\"20\" viewBox=\"0 0 20 20\"\n                                fill=\"none\">\n                                <path\n                                    d=\"M10 0L13.09 6.26L20 7.27L15 12.14L16.18 19.02L10 15.77L3.82 19.02L5 12.14L0 7.27L6.91 6.26L10 0Z\"\n                                    fill=\"black\" \/>\n                            <\/svg>\n                            <svg xmlns=\"http:\/\/www.w3.org\/2000\/svg\" width=\"20\" height=\"20\" viewBox=\"0 0 20 20\"\n                                fill=\"none\">\n                                <path\n                                    d=\"M10 0L13.09 6.26L20 7.27L15 12.14L16.18 19.02L10 15.77L3.82 19.02L5 12.14L0 7.27L6.91 6.26L10 0Z\"\n                                    fill=\"black\" \/>\n                            <\/svg>\n                            <svg xmlns=\"http:\/\/www.w3.org\/2000\/svg\" width=\"20\" height=\"20\" viewBox=\"0 0 20 20\"\n                                fill=\"none\">\n                                <path\n                                    d=\"M10 0L13.09 6.26L20 7.27L15 12.14L16.18 19.02L10 15.77L3.82 19.02L5 12.14L0 7.27L6.91 6.26L10 0Z\"\n                                    fill=\"black\" \/>\n                            <\/svg>\n                        <\/div>\n                        <p>\"Kaes Teo's Pure Castor Oil is now a must in my skincare routine. It’s fantastic for\n                            hydrating my skin and has really helped with my scars. A little goes a long way, and the\n                            quality is amazing!\"\n                        <\/p>\n                        <p class=\"testimonial-author\">Jessica R, Texas<\/p>\n                    <\/div>\n                <\/div>\n            <\/div>\n            <div class=\"item\">\n                <div class=\"row\">\n                    <div class=\"col-md-6\">\n                        <img src=\"https:\/\/cdn.shopify.com\/s\/files\/1\/0584\/1204\/0269\/files\/image-5.png?v=1717583615\"\n                            alt=\"Product Image 5\">\n                    <\/div>\n                    <div class=\"col-md-6 testimonial-content\">\n                        <div class=\"star-rating mb-3\">\n                            <svg xmlns=\"http:\/\/www.w3.org\/2000\/svg\" width=\"20\" height=\"20\" viewBox=\"0 0 20 20\"\n                                fill=\"none\">\n                                <path\n                                    d=\"M10 0L13.09 6.26L20 7.27L15 12.14L16.18 19.02L10 15.77L3.82 19.02L5 12.14L0 7.27L6.91 6.26L10 0Z\"\n                                    fill=\"black\" \/>\n                            <\/svg>\n                            <svg xmlns=\"http:\/\/www.w3.org\/2000\/svg\" width=\"20\" height=\"20\" viewBox=\"0 0 20 20\"\n                                fill=\"none\">\n                                <path\n                                    d=\"M10 0L13.09 6.26L20 7.27L15 12.14L16.18 19.02L10 15.77L3.82 19.02L5 12.14L0 7.27L6.91 6.26L10 0Z\"\n                                    fill=\"black\" \/>\n                            <\/svg>\n                            <svg xmlns=\"http:\/\/www.w3.org\/2000\/svg\" width=\"20\" height=\"20\" viewBox=\"0 0 20 20\"\n                                fill=\"none\">\n                                <path\n                                    d=\"M10 0L13.09 6.26L20 7.27L15 12.14L16.18 19.02L10 15.77L3.82 19.02L5 12.14L0 7.27L6.91 6.26L10 0Z\"\n                                    fill=\"black\" \/>\n                            <\/svg>\n                            <svg xmlns=\"http:\/\/www.w3.org\/2000\/svg\" width=\"20\" height=\"20\" viewBox=\"0 0 20 20\"\n                                fill=\"none\">\n                                <path\n                                    d=\"M10 0L13.09 6.26L20 7.27L15 12.14L16.18 19.02L10 15.77L3.82 19.02L5 12.14L0 7.27L6.91 6.26L10 0Z\"\n                                    fill=\"black\" \/>\n                            <\/svg>\n                            <svg xmlns=\"http:\/\/www.w3.org\/2000\/svg\" width=\"20\" height=\"20\" viewBox=\"0 0 20 20\"\n                                fill=\"none\">\n                                <path\n                                    d=\"M10 0L13.09 6.26L20 7.27L15 12.14L16.18 19.02L10 15.77L3.82 19.02L5 12.14L0 7.27L6.91 6.26L10 0Z\"\n                                    fill=\"black\" \/>\n                            <\/svg>\n                        <\/div>\n                        <p>\"I've had dandruff for years, but Kaes Teo's Black Castor Oil has been a lifesaver. It not\n                            only helps with the flakes but leaves my hair feeling soft and nourished. So grateful for\n                            this product!\"\n                        <\/p>\n                        <p class=\"testimonial-author\">Michael H, Illinois<\/p>\n                    <\/div>\n                <\/div>\n            <\/div>\n            <div class=\"item\">\n                <div class=\"row\">\n                    <div class=\"col-md-6\">\n                        <img src=\"https:\/\/cdn.shopify.com\/s\/files\/1\/0584\/1204\/0269\/files\/image-6.png?v=1717583550\"\n                            alt=\"Product Image 6\">\n                    <\/div>\n                    <div class=\"col-md-6 testimonial-content\">\n                        <div class=\"star-rating mb-3\">\n                            <svg xmlns=\"http:\/\/www.w3.org\/2000\/svg\" width=\"20\" height=\"20\" viewBox=\"0 0 20 20\"\n                                fill=\"none\">\n                                <path\n                                    d=\"M10 0L13.09 6.26L20 7.27L15 12.14L16.18 19.02L10 15.77L3.82 19.02L5 12.14L0 7.27L6.91 6.26L10 0Z\"\n                                    fill=\"black\" \/>\n                            <\/svg>\n                            <svg xmlns=\"http:\/\/www.w3.org\/2000\/svg\" width=\"20\" height=\"20\" viewBox=\"0 0 20 20\"\n                                fill=\"none\">\n                                <path\n                                    d=\"M10 0L13.09 6.26L20 7.27L15 12.14L16.18 19.02L10 15.77L3.82 19.02L5 12.14L0 7.27L6.91 6.26L10 0Z\"\n                                    fill=\"black\" \/>\n                            <\/svg>\n                            <svg xmlns=\"http:\/\/www.w3.org\/2000\/svg\" width=\"20\" height=\"20\" viewBox=\"0 0 20 20\"\n                                fill=\"none\">\n                                <path\n                                    d=\"M10 0L13.09 6.26L20 7.27L15 12.14L16.18 19.02L10 15.77L3.82 19.02L5 12.14L0 7.27L6.91 6.26L10 0Z\"\n                                    fill=\"black\" \/>\n                            <\/svg>\n                            <svg xmlns=\"http:\/\/www.w3.org\/2000\/svg\" width=\"20\" height=\"20\" viewBox=\"0 0 20 20\"\n                                fill=\"none\">\n                                <path\n                                    d=\"M10 0L13.09 6.26L20 7.27L15 12.14L16.18 19.02L10 15.77L3.82 19.02L5 12.14L0 7.27L6.91 6.26L10 0Z\"\n                                    fill=\"black\" \/>\n                            <\/svg>\n                            <svg xmlns=\"http:\/\/www.w3.org\/2000\/svg\" width=\"20\" height=\"20\" viewBox=\"0 0 20 20\"\n                                fill=\"none\">\n                                <path\n                                    d=\"M10 0L13.09 6.26L20 7.27L15 12.14L16.18 19.02L10 15.77L3.82 19.02L5 12.14L0 7.27L6.91 6.26L10 0Z\"\n                                    fill=\"black\" \/>\n                            <\/svg>\n                        <\/div>\n                        <p>\"The Pulling Oil from Kaes Teo is fantastic! I was sceptical, but after a few weeks, my teeth\n                            are visibly brighter and my overall oral hygiene feels improved. It's now a must-have in my\n                            morning routine.\"\n                        <\/p>\n                        <p class=\"testimonial-author\">Laura K, Colorado<\/p>\n                    <\/div>\n                <\/div>\n            <\/div>\n                        <div class=\"item\">\n                <div class=\"row\">\n                    <div class=\"col-md-6\">\n                        <img src=\"https:\/\/cdn.shopify.com\/s\/files\/1\/0584\/1204\/0269\/files\/image-7.png?v=1717583551\"\n                            alt=\"Product Image 7\">\n                    <\/div>\n                    <div class=\"col-md-6 testimonial-content\">\n                        <div class=\"star-rating mb-3\">\n                            <svg xmlns=\"http:\/\/www.w3.org\/2000\/svg\" width=\"20\" height=\"20\" viewBox=\"0 0 20 20\"\n                                fill=\"none\">\n                                <path\n                                    d=\"M10 0L13.09 6.26L20 7.27L15 12.14L16.18 19.02L10 15.77L3.82 19.02L5 12.14L0 7.27L6.91 6.26L10 0Z\"\n                                    fill=\"black\" \/>\n                            <\/svg>\n                            <svg xmlns=\"http:\/\/www.w3.org\/2000\/svg\" width=\"20\" height=\"20\" viewBox=\"0 0 20 20\"\n                                fill=\"none\">\n                                <path\n                                    d=\"M10 0L13.09 6.26L20 7.27L15 12.14L16.18 19.02L10 15.77L3.82 19.02L5 12.14L0 7.27L6.91 6.26L10 0Z\"\n                                    fill=\"black\" \/>\n                            <\/svg>\n                            <svg xmlns=\"http:\/\/www.w3.org\/2000\/svg\" width=\"20\" height=\"20\" viewBox=\"0 0 20 20\"\n                                fill=\"none\">\n                                <path\n                                    d=\"M10 0L13.09 6.26L20 7.27L15 12.14L16.18 19.02L10 15.77L3.82 19.02L5 12.14L0 7.27L6.91 6.26L10 0Z\"\n                                    fill=\"black\" \/>\n                            <\/svg>\n                            <svg xmlns=\"http:\/\/www.w3.org\/2000\/svg\" width=\"20\" height=\"20\" viewBox=\"0 0 20 20\"\n                                fill=\"none\">\n                                <path\n                                    d=\"M10 0L13.09 6.26L20 7.27L15 12.14L16.18 19.02L10 15.77L3.82 19.02L5 12.14L0 7.27L6.91 6.26L10 0Z\"\n                                    fill=\"black\" \/>\n                            <\/svg>\n                            <svg xmlns=\"http:\/\/www.w3.org\/2000\/svg\" width=\"20\" height=\"20\" viewBox=\"0 0 20 20\"\n                                fill=\"none\">\n                                <path\n                                    d=\"M10 0L13.09 6.26L20 7.27L15 12.14L16.18 19.02L10 15.77L3.82 19.02L5 12.14L0 7.27L6.91 6.26L10 0Z\"\n                                    fill=\"black\" \/>\n                            <\/svg>\n                        <\/div>\n                        <p>\"After using Kaes Teo’s Pulling Oil for just a month, I noticed a huge improvement in my oral health. It’s such a natural and effective product. My mouth feels cleaner and my breath is fresher all day.\"\n                        <\/p>\n                        <p class=\"testimonial-author\">David P, Ohio<\/p>\n                    <\/div>\n                <\/div>\n            <\/div>\n            <!-- Repeat similar structure for other items -->\n        <\/div>\n    <\/div>\n<\/div>\n<script>\n    $(document).ready(function () {\n        $(\".owl-carousel\").owlCarousel({\n            loop: true,\n            margin: 30,\n            nav: false,\n            autoplay: true,\n            autoplayTimeout: 2000,\n            autoplayHoverPause: true,\n            responsive: {\n                0: {\n                    items: 1,\n                    autoplayTimeout: 4000\n                },\n                \n                992: {\n                    items: 2 \/\/ Display two items on larger screens\n                }\n            },\n            animateOut: 'fadeOut',\n            animateIn: 'fadeIn',\n            smartSpeed: 1000\n        });\n    });\n<\/script>","color_scheme":"","padding_top":0,"padding_bottom":0}},"17138680021bc149d0":{"type":"apps","blocks":{"centous_testimony_reviews_app_block_NNrQWL":{"type":"shopify:\/\/apps\/testimony\/blocks\/app-block\/a52dc9ba-1b3e-4187-a5db-b20e529cc4c6","disabled":true,"settings":{"cta-embedded-code":"9292747"}}},"block_order":["centous_testimony_reviews_app_block_NNrQWL"],"settings":{"include_margins":true}},"image_banner_UKNKg8":{"type":"image-banner","blocks":{"heading_j9tnVA":{"type":"heading","settings":{"heading":"Purely pressed from farm to  bottles that hold nature's  essence.","heading_size":"h0"}},"buttons_ia7JWx":{"type":"buttons","settings":{"button_label_1":"SHOP US ON AMAZON","button_link_1":"https:\/\/amazon.com\/stores\/page\/A07196E6-CDFC-4DA0-AAFC-4DC7EC1022E8?channel=shopify","button_style_secondary_1":true,"button_label_2":"","button_link_2":"","button_style_secondary_2":false}}},"block_order":["heading_j9tnVA","buttons_ia7JWx"],"custom_css":[".button {background-color: #fff;}"],"settings":{"image":"shopify:\/\/shop_images\/amazon.jpg","image_overlay_opacity":0,"image_height":"medium","desktop_content_position":"middle-center","show_text_box":false,"desktop_content_alignment":"center","color_scheme":"scheme-3","image_behavior":"fixed","mobile_content_alignment":"center","stack_images_on_mobile":true,"show_text_below":false}},"rich_text_TbV9hq":{"type":"rich-text","blocks":{"heading_TW7tiP":{"type":"heading","settings":{"heading":"TIPS AND TRICKS","heading_size":"h2"}}},"block_order":["heading_TW7tiP"],"custom_css":["h2 {font-size: 24px; color: #db5026;}"],"settings":{"desktop_content_position":"center","content_alignment":"center","color_scheme":"","full_width":true,"padding_top":64,"padding_bottom":0}},"rich_text_KgM6Ta":{"type":"rich-text","blocks":{"heading_FmcjCR":{"type":"heading","settings":{"heading":"<strong>Kaes Teo Chronicles<\/strong>","heading_size":"h1"}}},"block_order":["heading_FmcjCR"],"settings":{"desktop_content_position":"center","content_alignment":"center","color_scheme":"","full_width":true,"padding_top":32,"padding_bottom":0}},"featured_blog_NDUa76":{"type":"featured-blog","disabled":true,"settings":{"heading":"Kaes Teo Chronicles","heading_size":"h1","blog":"hair-skin-care","post_limit":3,"columns_desktop":3,"color_scheme":"","show_image":true,"show_date":false,"show_author":false,"show_view_all":false,"padding_top":36,"padding_bottom":36}},"custom_liquid_W7mx43":{"type":"custom-liquid","settings":{"custom_liquid":"<div class=\"container-fluid\">\n<div id=\"relatedblogs\" class=\"homepageblog\">\n          <ul><li><div class=\"rb_image_wrap\">\n                            <a href=\"\/blogs\/hair-skin-care\/the-secrets-of-black-gold-unveiling-the-process-of-crafting-authentic-black-castor-oil\"><img src=\"\/cdn\/shop\/articles\/out-0_4462b5cf-90d2-43b1-a9f6-f1b614c00f9e_1024x.png?v=1728590315&amp;width=1024\" alt=\"The Secrets of Black Gold: Unveiling the Process of Crafting Authentic Black Castor Oil\" class=\"rb_image\"><\/a>\n                          <\/div><div class=\"rb_contents\">\n                          <h4 class=\"rb_title\">\n                            <a href=\"\/blogs\/oral-care\/top-5-benefits-of-oil-pulling-for-improving-your-oral-health\">The Secrets of Black Gold: Unveiling the Process of Crafting Authentic Black Castor Oil<\/a>\n                          <\/h4><p>As the world's appetite for natural and sustainable beauty solutions continues to grow, the demand for authentic black castor oil has never been...<\/p><\/div>\n                      <\/li><li><div class=\"rb_image_wrap\">\n                            <a href=\"\/blogs\/oral-care\/the-ultimate-guide-to-oil-pulling-directions-and-tips-for-effective-use\"><img src=\"\/\/kaesteo.com\/cdn\/shop\/articles\/blog3.jpg?v=1717072519&amp;width=1024\" alt=\"The Ultimate Guide to Oil Pulling: Directions and Tips for Effective Use\" class=\"rb_image\"><\/a>\n                          <\/div><div class=\"rb_contents\">\n                          <h4 class=\"rb_title\">\n                            <a href=\"\/blogs\/oral-care\/the-ultimate-guide-to-oil-pulling-directions-and-tips-for-effective-use\">The Ultimate Guide to Oil Pulling: Directions and Tips for Effective Use<\/a>\n                          <\/h4><p>Oil pulling is an ancient Ayurvedic practice that involves swishing oil in your mouth to improve oral health and hygi...<\/p><\/div>\n                      <\/li><li><div class=\"rb_image_wrap\">\n                            <a href=\"\/blogs\/hair-skin-care\/holistic-beauty-the-ayurvedic-path-to-wellness\"><img src=\"\/\/kaesteo.com\/cdn\/shop\/articles\/blog4.jpg?v=1717072192&amp;width=1024\" alt=\"Holistic Beauty: The Ayurvedic Path to Wellness\" class=\"rb_image\"><\/a>\n                          <\/div><div class=\"rb_contents\">\n                          <h4 class=\"rb_title\">\n                            <a href=\"\/blogs\/hair-skin-care\/holistic-beauty-the-ayurvedic-path-to-wellness\">Holistic Beauty: The Ayurvedic Path to Wellness<\/a>\n                          <\/h4><p>Embark on a journey where beauty goes beyond the surface, embracing the Ayurvedic tradition that harmonizes mind,\n   ...<\/p><\/div>\n                      <\/li><\/ul><style type=\"text\/css\">\n           .rb_contents {\n             display: inline-block\n           }\n\n           .rb_no_image {\n             height: 100%;\n             width: 100%;\n             background-color: rgb(128, 128, 128);\n             display: inline-block\n           }\n\n          \/* img.rb_image {\n             max-height: 75px;\n             max-width: 100px;\n             height: auto;\n             width: auto\n           }*\/\n\n           \/*.rb_image_wrap {\n             float: left;\n             width: 105px\n           }*\/\n\n           #relatedblogs h4 a {\n               font-size: 16px;\n               font-weight: 400;\n           }\n\n           #relatedblogs li {\n             margin: 0 0 15px;\n             clear: both\n           }\n           #relatedblogs li {\n             display: block;\n           }\n           #relatedblogs h4{\n             margin: 0rem 0 1rem;\n           }\n           div#relatedblogs ul {\n             display: grid;\n             grid-template-columns: repeat(auto-fit,minmax(210px,1fr));\n             column-gap: 10px;\n             margin-left: 0;\n           }\n           #relatedblogs li {\n             display: grid !important;\n             grid-template-columns: 1fr;\n           }\n           div#relatedblogs .rb_contents {\n             display: grid;\n             grid-template-columns: 1fr;\n           }\n           #relatedblogs a {\n             text-decoration: none;\n             border: unset;\n           }\n\n           #relatedblogs img.rb_image {\n             object-fit: fill;\n             border-radius: 10px;\n             box-shadow: 0px 0px 5px #80808052;\n             max-width: -webkit-fill-available;\n           }\n           #relatedblogs li::before {\n               opacity: 0;\n           }\n           #relatedblogs .article__content.rte {\n               font-size: inherit;\n           }\n           #relatedblogs li {\n             display: block;\n           }\n        <\/style>\n      <\/div>\n\n<\/div>","color_scheme":"","padding_top":40,"padding_bottom":52}},"custom_liquid_HcUmi8":{"type":"custom-liquid","settings":{"custom_liquid":"<div class=\"footer__section2\">\n    <div class=\"container-fluid\">\n        <div class=\"row\">\n            <div class=\"col-lg-6\">\n                <h3 class=\"text-white\">\n                    Be a part of a journey <br>\n                    that is guided by the <br>\n                    purest intentions.\n                <\/h3>\n                <img src=\"https:\/\/cdn.shopify.com\/s\/files\/1\/0584\/1204\/0269\/files\/Group_248.png?v=1711518559\">\n            <\/div>\n            <div class=\"col-lg-6\">\n               <div class=\"wrapper-form\">\n                  <sk-form><script type=\"application\/json\" sk-forms data-id=\"5454725a6c504741\">{{ shop.metafields.squadkin_form[\"5454725a6c504741\"] }}<\/script><div class=\"sk-form\" sk-form-block data-token=\"5454725a6c504741\"><\/div><\/sk-form>\n                <\/div>\n            <\/div>\n        <\/div>\n    <\/div>\n<\/div>","color_scheme":"","padding_top":0,"padding_bottom":0}}},"order":["custom_liquid_bRyAwt","custom_liquid_Vp4Qtw","featured_collection_YXhmdf","featured_collection_NfULKz","custom_liquid_6DmN34","custom_liquid_ka9i8n","custom_liquid_7Cdgqz","custom_liquid_AGGxr9","17285922255184d110","rich_text_9xAhHn","custom_liquid_j4Kfwz","17138680021bc149d0","image_banner_UKNKg8","rich_text_TbV9hq","rich_text_KgM6Ta","featured_blog_NDUa76","custom_liquid_W7mx43","custom_liquid_HcUmi8"]}