{"sections":{"main":{"type":"main-page","disabled":true,"settings":{"padding_top":28,"padding_bottom":28}},"custom_liquid_6JLgEw":{"type":"custom-liquid","disabled":true,"settings":{"custom_liquid":"<section class=\"about-banner  position-relative\">\n    <img src=\"https:\/\/cdn.shopify.com\/s\/files\/1\/0584\/1204\/0269\/files\/banner-to-left.png?v=1712290306\" alt=\"top-left\"\n        class=\"banner-top-left\" data-aos=\"fade-down\" data-aos-easing=\"linear\" data-aos-duration=\"500\">\n    <img src=\"https:\/\/cdn.shopify.com\/s\/files\/1\/0584\/1204\/0269\/files\/banner-top-right.png?v=1712290306\" alt=\"top-right\"\n        class=\"banner-top-right\" data-aos=\"fade-down\" data-aos-easing=\"linear\" data-aos-duration=\"750\">\n    <img src=\"https:\/\/cdn.shopify.com\/s\/files\/1\/0584\/1204\/0269\/files\/banner-bottom.png?v=1712290307\" alt=\"top-left\"\n        class=\"banner-bottom\" data-aos=\"fade-up\" data-aos-easing=\"linear\" data-aos-duration=\"1000\">\n    <div class=\"container\">\n        <h1>KAES <br>TEO.<\/h1>\n        <p>Naturally Essential<\/p>\n    <\/div>\n<\/section>","color_scheme":"","padding_top":0,"padding_bottom":0}},"image_banner_U9Hw33":{"type":"image-banner","blocks":{"heading_rCWaPp":{"type":"heading","settings":{"heading":"Curious about your Kaes Teo Journey?","heading_size":"h1"}}},"block_order":["heading_rCWaPp"],"custom_css":[".button {background-color: #fff;}"],"settings":{"image":"shopify:\/\/shop_images\/Group_294.png","image_overlay_opacity":0,"image_height":"large","desktop_content_position":"middle-center","show_text_box":false,"desktop_content_alignment":"center","color_scheme":"scheme-3","image_behavior":"none","mobile_content_alignment":"center","stack_images_on_mobile":true,"show_text_below":false}},"multicolumn_zXLRrD":{"type":"multicolumn","blocks":{"column_JMrHLe":{"type":"column","settings":{"title":"<strong>Shipping Information<\/strong>","text":"<p>Explore our shipping policies to learn about delivery times, shipping methods, and tracking options. We ensure your products sail smoothly to your doorstep!<\/p>","link_label":"Know More","link":"https:\/\/kaesteo.myshopify.com\/pages\/shipping-information"}},"column_dkKaLF":{"type":"column","settings":{"title":"<strong>Payment Information<\/strong>","text":"<p>Discover hassle-free payment options tailored to your convenience. From secure transactions to accepted payment methods, find everything you need to know about making your purchase.<\/p>","link_label":"Know More","link":"https:\/\/kaesteo.myshopify.com\/pages\/payment-information"}},"column_iqFKJa":{"type":"column","settings":{"title":"<strong>Product Information<\/strong>","text":"<p>Dive into the details of our premium products. From ingredients to usage instructions, uncover all there is to know about our naturally sourced products.<\/p>","link_label":"Know More","link":"https:\/\/kaesteo.myshopify.com\/pages\/product-information"}},"column_RCTUcR":{"type":"column","settings":{"title":"<strong>Returns<\/strong>","text":"<p>Not satisfied? No problem! Learn about our hassle-free return process, including eligibility criteria, timelines, and how to initiate a return. Your satisfaction is our priority!<\/p>","link_label":"Know More","link":"https:\/\/kaesteo.myshopify.com\/pages\/returns"}}},"block_order":["column_JMrHLe","column_dkKaLF","column_iqFKJa","column_RCTUcR"],"custom_css":[".multicolumn-card.content-container {border-radius: 24px; background: white !important; border: 1px solid #4c7220;}",".multicolumn-card.content-container:hover {background: #d2dfc5 !important;}",".multicolumn-card.content-container h3.inline-richtext {font-size: 28px; color: #101412;}",".multicolumn-card.content-container p {font-size: 20px; line-height: 25px; color: #656565; font-weight: 400;}",".multicolumn-card__info {padding: 40px;}",".title-wrapper-with-link {justify-content: center;}",".multicolumn-card__info .link {color: #284e2b;}"],"settings":{"title":"Get More Information","heading_size":"h1","image_width":"full","image_ratio":"adapt","columns_desktop":2,"column_alignment":"left","background_style":"primary","button_label":"","button_link":"","color_scheme":"","columns_mobile":"1","swipe_on_mobile":false,"padding_top":68,"padding_bottom":100}},"newsletter_JhidQm":{"type":"newsletter","blocks":{"heading_fyk4LU":{"type":"heading","settings":{"heading":"Get Support","heading_size":"h1"}},"email_form_tXKRcG":{"type":"email_form","settings":{}}},"block_order":["heading_fyk4LU","email_form_tXKRcG"],"disabled":true,"settings":{"color_scheme":"","full_width":true,"padding_top":56,"padding_bottom":100}},"custom_liquid_aNjqym":{"type":"custom-liquid","settings":{"custom_liquid":"<div class=\"footer__section2\">\n    <div class=\"container-fluid\">\n        <div class=\"row\">\n            <div class=\"col-lg-6\">\n                <h3 class=\"text-white\">\n                    Be a part of a journey <br>\n                    that is guided by the <br>\n                    purest intentions.\n                <\/h3>\n                <img src=\"https:\/\/cdn.shopify.com\/s\/files\/1\/0584\/1204\/0269\/files\/Group_248.png?v=1711518559\">\n            <\/div>\n            <div class=\"col-lg-6\">\n               <div class=\"wrapper-form\">\n                  <sk-form><script type=\"application\/json\" sk-forms data-id=\"5454725a6c504741\">{{ shop.metafields.squadkin_form[\"5454725a6c504741\"] }}<\/script><div class=\"sk-form\" sk-form-block data-token=\"5454725a6c504741\"><\/div><\/sk-form>\n                <\/div>\n            <\/div>\n        <\/div>\n    <\/div>\n<\/div>","color_scheme":"","padding_top":0,"padding_bottom":0}}},"order":["main","custom_liquid_6JLgEw","image_banner_U9Hw33","multicolumn_zXLRrD","newsletter_JhidQm","custom_liquid_aNjqym"]}