{"sections":{"main":{"type":"main-page","disabled":true,"settings":{"padding_top":28,"padding_bottom":28}},"image_banner_U9Hw33":{"type":"image-banner","blocks":{"heading_rCWaPp":{"type":"heading","disabled":true,"settings":{"heading":"Purely pressed from farm to  bottles that hold nature's  essence.","heading_size":"h0"}},"buttons_4fRKmJ":{"type":"buttons","settings":{"button_label_1":"SHOP US ON AMAZON","button_link_1":"#","button_style_secondary_1":false,"button_label_2":"","button_link_2":"","button_style_secondary_2":false}}},"block_order":["heading_rCWaPp","buttons_4fRKmJ"],"disabled":true,"custom_css":[".button {background-color: #fff;}"],"settings":{"image":"shopify:\/\/shop_images\/amazon.jpg","image_overlay_opacity":0,"image_height":"large","desktop_content_position":"middle-center","show_text_box":false,"desktop_content_alignment":"center","color_scheme":"scheme-3","image_behavior":"fixed","mobile_content_alignment":"center","stack_images_on_mobile":true,"show_text_below":false}},"rich_text_cmp3Pc":{"type":"rich-text","blocks":{"heading_ABFr6U":{"type":"heading","settings":{"heading":"2. Payment Information","heading_size":"h2"}},"text_h4CHyL":{"type":"text","settings":{"text":"<p>Q: What payment methods do you accept?<\/p><p>A: We accept a variety of payment methods including major credit cards (Visa, MasterCard, American Express), PayPal, and Apple Pay.<\/p><p>Q: Is my payment information secure?<\/p><p>A: Absolutely. We use industry-standard encryption and secure processing services to ensure your payment information is protected.<\/p><p>Q: Can I change my payment method after placing an order?<\/p><p>A: Unfortunately, once an order is placed, the payment method cannot be changed. If you need assistance, please contact our customer service team.<\/p><p>Q: Do you offer payment plans or financing options?<\/p><p>A: Yes, we offer financing options through partners like Afterpay and Klarna, allowing you to split your purchase into interest-free payments.<\/p>"}}},"block_order":["heading_ABFr6U","text_h4CHyL"],"settings":{"desktop_content_position":"left","content_alignment":"left","color_scheme":"","full_width":true,"padding_top":40,"padding_bottom":40}}},"order":["main","image_banner_U9Hw33","rich_text_cmp3Pc"]}