{"sections":{"custom_liquid_7kHEEh":{"type":"custom-liquid","custom_css":[".contact-us {background: #fdf1c2; padding-block: 50px;}",".add h6 {margin-top: 20px; font-size: 18px; margin-bottom: 10px;}",".add p {font-size: 22px;}",".info h6 {margin-top: 20px; font-size: 18px; margin-bottom: 10px;}",".info p img {padding-right: 20px;}",".info p {font-size: 22px;}"],"settings":{"custom_liquid":"<section class=\"contact-us\">\n    <div class=\"container-fluid\">\n       <div class=\"row justify-content-between\">\n          <div class=\"contact col-lg-6 col-12\">\n             <h2 style=\"color: #284E2B;\"> Contact Us<\/h2>\n          <\/div>\n          <div class=\"add col-lg-3 col-sm-12 \">\n             <h6 style=\"color:#000000;\">ADDRESS<\/h6>\n             <p style=\"color: #497839;\">Beauty Packs LLC<br> 8355 W Flagler St<br> PMB 179, Miami, FL 33144<\/p>\n          <\/div>\n          <div class=\"info col-lg-3 col-sm-12\">\n             <h6 style=\"color: #000000;\"> CONTACT INFO<\/h6>\n             <p><span><img src=\"https:\/\/cdn.shopify.com\/s\/files\/1\/0584\/1204\/0269\/files\/phone.png?v=1718357726\"\n                alt=\"phone\">\n                <a style=\"color: #497839;\" href=\"tel:+13056002005\">+1 (305) 600-2005<\/a>\n                <\/span>\n             <\/p>\n             <p> <span><img src=\"https:\/\/cdn.shopify.com\/s\/files\/1\/0584\/1204\/0269\/files\/mail.png?v=1718357725\"\n                alt=\"mail\"><a style=\"color: #497839;\"\n                href=\"mailto: feedback@kaesteo.com\">feedback@kaesteo.com<\/a><\/span><\/p>\n          <\/div>\n       <\/div>\n    <\/div>\n <\/section>","color_scheme":"","padding_top":0,"padding_bottom":0}},"custom_liquid_MYGmin":{"type":"custom-liquid","disabled":true,"custom_css":[".beauty {padding-right: 5rem !important; padding-left: 5rem !important;}"],"settings":{"custom_liquid":"<div class=\"beauty\">\n<h2>Address<\/h2>\n    <p>Beauty Packs LLC<br>\n       8355 W Flagler St<br>\n       PMB 179<br>\n       Miami, FL 33144<br>\n       <a href=\"tel:3056002005\">305-600-2005<\/a>\n    <\/p>\n<\/div>","color_scheme":"","padding_top":40,"padding_bottom":0}},"main":{"type":"main-page","disabled":true,"settings":{"padding_top":36,"padding_bottom":36}},"form":{"type":"contact-form","custom_css":[],"settings":{"heading":"","heading_size":"h1","color_scheme":"scheme-1","padding_top":76,"padding_bottom":36}},"image_banner_GKBnCA":{"type":"image-banner","blocks":{"heading_6kVMjP":{"type":"heading","settings":{"heading":"Purely pressed from farm to  bottles that hold nature's  essence.","heading_size":"h0"}},"buttons_mhD86M":{"type":"buttons","settings":{"button_label_1":"SHOP US ON AMAZON","button_link_1":"https:\/\/amazon.com\/stores\/page\/A07196E6-CDFC-4DA0-AAFC-4DC7EC1022E8","button_style_secondary_1":true,"button_label_2":"","button_link_2":"","button_style_secondary_2":false}}},"block_order":["heading_6kVMjP","buttons_mhD86M"],"custom_css":[".button {background-color: #fff;}"],"settings":{"image":"shopify:\/\/shop_images\/amazon.jpg","image_overlay_opacity":0,"image_height":"medium","desktop_content_position":"middle-center","show_text_box":false,"desktop_content_alignment":"center","color_scheme":"scheme-3","image_behavior":"fixed","mobile_content_alignment":"center","stack_images_on_mobile":true,"show_text_below":false}}},"order":["custom_liquid_7kHEEh","custom_liquid_MYGmin","main","form","image_banner_GKBnCA"]}