{"sections":{"main":{"type":"main-product","blocks":{"vendor":{"type":"text","settings":{"text":"{{ product.vendor }}","text_style":"uppercase"}},"title":{"type":"title","settings":{}},"price":{"type":"price","settings":{}},"variant_picker":{"type":"variant_picker","settings":{"picker_type":"button","swatch_shape":"circle"}},"quantity_selector":{"type":"quantity_selector","settings":{}},"buy_buttons":{"type":"buy_buttons","settings":{"show_dynamic_checkout":true,"show_gift_card_recipient":true}},"description":{"type":"description","settings":{}},"share":{"type":"share","settings":{"share_label":"Share"}}},"block_order":["vendor","title","price","variant_picker","quantity_selector","buy_buttons","description","share"],"settings":{"enable_sticky_info":true,"color_scheme":"scheme-1","media_size":"large","constrain_to_viewport":true,"media_fit":"contain","gallery_layout":"stacked","media_position":"left","image_zoom":"lightbox","mobile_thumbnails":"hide","hide_variants":true,"enable_video_looping":false,"padding_top":36,"padding_bottom":12}},"related-products":{"type":"related-products","settings":{"heading":"You may also like","heading_size":"h2","products_to_show":4,"columns_desktop":4,"color_scheme":"scheme-1","image_ratio":"square","image_shape":"default","show_secondary_image":true,"show_vendor":false,"show_rating":false,"columns_mobile":"2","padding_top":36,"padding_bottom":28}},"collapsible_content_jgt4DY":{"type":"collapsible-content","blocks":{"collapsible_row_e3wtXm":{"type":"collapsible_row","settings":{"heading":"For Hair","icon":"none","row_content":"<p>Massage onto dry scalp. Leave for 1 hour and then rinse it off with a shampoo. Good for all hair types.<\/p>","page":""}},"collapsible_row_zNLAbY":{"type":"collapsible_row","settings":{"heading":"For Lashes and Brows","icon":"none","row_content":"<p>Apply 1-2 drops at night time on your lashline and brows for a fuller growth.<\/p>","page":""}},"collapsible_row_CA3CNz":{"type":"collapsible_row","settings":{"heading":"Dry Skin","icon":"none","row_content":"<p>On a cleansed skin, massage the oil on dry parts of your skin like Heels and Joints for softer nourished skin.<\/p>","page":""}},"collapsible_row_e66tD3":{"type":"collapsible_row","settings":{"heading":"Beard\/ Mustache","icon":"none","row_content":"<p>After washing your face, apply 2-3 drops onto your facial hair. Preferably at night time.<\/p>","page":""}},"collapsible_row_MBkgYm":{"type":"collapsible_row","settings":{"heading":"Nails\/ Cuticles","icon":"none","row_content":"<p>Gently massage 1-2 drops on your nail beds as required.<\/p>","page":""}},"collapsible_row_WzaKRN":{"type":"collapsible_row","settings":{"heading":"Navel Oiling","icon":"none","row_content":"<p>Rub 2-3 drops of warm castor oil in and around navel, prefarably before sleeping.<\/p>","page":""}},"collapsible_row_8mFdNB":{"type":"collapsible_row","settings":{"heading":"Castor Oil Pack","icon":"none","row_content":"<p>Apply 2-3 spoonfuls of oil to fabric pad, then apply to body with or without a heating pad directly to the skin. <\/p>","page":""}}},"block_order":["collapsible_row_e3wtXm","collapsible_row_zNLAbY","collapsible_row_CA3CNz","collapsible_row_e66tD3","collapsible_row_MBkgYm","collapsible_row_WzaKRN","collapsible_row_8mFdNB"],"settings":{"caption":"","heading":"Collapsible content","heading_size":"h1","heading_alignment":"center","layout":"none","color_scheme":"","container_color_scheme":"","open_first_collapsible_row":false,"image_ratio":"adapt","desktop_layout":"image_second","padding_top":36,"padding_bottom":36}}},"order":["main","related-products","collapsible_content_jgt4DY"]}