{"sections":{"main":{"type":"main-product","blocks":{"vendor":{"type":"text","settings":{"text":"oils and serums","text_style":"uppercase"}},"title":{"type":"title","settings":{}},"variant_picker":{"type":"variant_picker","settings":{"picker_type":"button","swatch_shape":"circle"}},"price":{"type":"price","settings":{}},"quantity_selector":{"type":"quantity_selector","settings":{}},"buy_buttons":{"type":"buy_buttons","settings":{"show_dynamic_checkout":false,"show_gift_card_recipient":false}},"text_XDpixP":{"type":"text","disabled":true,"settings":{"text":"Description","text_style":"uppercase"}},"description":{"type":"description","disabled":true,"settings":{}},"text_Hw4mTx":{"type":"text","settings":{"text":"Key Ingredients","text_style":"uppercase"}},"text_cbr8Tm":{"type":"text","settings":{"text":"100% Pure Cold Pressed, Hexane Free Castor Oil","text_style":"body"}}},"block_order":["vendor","title","variant_picker","price","quantity_selector","buy_buttons","text_XDpixP","description","text_Hw4mTx","text_cbr8Tm"],"custom_css":[],"settings":{"enable_sticky_info":true,"color_scheme":"scheme-1","media_size":"large","constrain_to_viewport":true,"media_fit":"contain","gallery_layout":"thumbnail","media_position":"left","image_zoom":"none","mobile_thumbnails":"hide","hide_variants":true,"enable_video_looping":false,"padding_top":40,"padding_bottom":40}},"custom_liquid_3X9WNd":{"type":"custom-liquid","settings":{"custom_liquid":"<section class=\"face-animation\">\n        <video autoplay loop muted playsinline>\n            <source src=\"https:\/\/cdn.shopify.com\/videos\/c\/o\/v\/3e374d5f22b5463bb1bf359df12d0c7f.mp4\" type=\"video\/mp4\">\n            Your browser does not support the video tag.\n        <\/video>\n\n        <div class=\"face-content\">\n            <p>Made for all ethnicities<\/p>\n        <\/div>\n    <\/section>","color_scheme":"","padding_top":0,"padding_bottom":0}},"custom_liquid_Eqe4hV":{"type":"custom-liquid","settings":{"custom_liquid":"<div class=\"section__keys\">\n    <div class=\"container\">\n        <div class=\"text-center mb-lg-5 mb-4\">\n            <h6 class=\"mb-lg-5 mb-4\">key benifits<\/h6>\n            <h3>Comprehensive Care for Hair and Skin<\/h3>\n            <p>Black castor oil deeply nourishes, promotes hair growth, strengthens strands, and moisturizes dry skin. Its anti-inflammatory and antimicrobial properties also soothe scalp irritations, enhancing overall hair and skin health.\n            <\/p>\n        <\/div>\n        <div class=\"row\">\n            <div class=\"col-lg-4\">\n                <div class=\"keys__item\">\n                    <img src=\"https:\/\/cdn.shopify.com\/s\/files\/1\/0584\/1204\/0269\/files\/Rectangle_80.png?v=1716462354\"\n                        alt=\"key\">\n                    <h4>Improves Scalp Circulation<\/h4>\n                <\/div>\n            <\/div>\n            <div class=\"col-lg-4\">\n                <div class=\"keys__item\">\n                    <img src=\"https:\/\/cdn.shopify.com\/s\/files\/1\/0584\/1204\/0269\/files\/Rectangle_81.png?v=1716462354\"\n                        alt=\"key\">\n                    <h4>Promotes Skin Tissue Growth<\/h4>\n                <\/div>\n            <\/div>\n            <div class=\"col-lg-4\">\n                <div class=\"keys__item\">\n                    <img src=\"https:\/\/cdn.shopify.com\/s\/files\/1\/0584\/1204\/0269\/files\/Rectangle_82.png?v=1716462354\"\n                        alt=\"key\">\n                    <h4>Cures Foot Callus<\/h4>\n                <\/div>\n            <\/div>\n        <\/div>\n    <\/div>\n<\/div>","color_scheme":"","padding_top":0,"padding_bottom":100}},"custom_liquid_n7fhLz":{"type":"custom-liquid","settings":{"custom_liquid":"<div class=\"key-highlight\">\n    <div class=\"container-fluid\">\n        <div class=\"row\">\n            <div class=\"col-lg-6 col-sm-12 col-12\">\n                <div class=\"keytouse\">\n                    <h2 class=\"text-key\">KEY HIGHLIGHTS<\/h2>\n                    <div class=\"accordion\" id=\"accordionExample\">\n                        <div class=\"accordion-item\">\n                            <h2 class=\"accordion-header\" id=\"headingOne\">\n                                <button class=\"accordion-button\" type=\"button\" data-bs-toggle=\"collapse\"\n                                    data-bs-target=\"#collapseOne\" aria-expanded=\"true\" aria-controls=\"collapseOne\">\n                                    <span>1.<\/span>Superior Quality & Purity\n\n                                <\/button>\n                            <\/h2>\n                            <div id=\"collapseOne\" class=\"accordion-collapse collapse show\" aria-labelledby=\"headingOne\"\n                                data-bs-parent=\"#accordionExample\">\n                                <div class=\"accordion-body\">\n                                    100% Pure and Natural Cold-pressed, USDA Certified Organic Black Castor Oil, retains full nutrients including ricinoleic acid, multiple Omega fatty acids and vitamins for superior hair, skin, nail and scalp care. Made with just one pure & potent ingredient.\n                                <\/div>\n                            <\/div>\n                        <\/div>\n                        <div class=\"accordion-item\">\n                            <h2 class=\"accordion-header\" id=\"headingTwo\">\n                                <button class=\"accordion-button collapsed\" type=\"button\" data-bs-toggle=\"collapse\"\n                                    data-bs-target=\"#collapseTwo\" aria-expanded=\"false\" aria-controls=\"collapseTwo\">\n                                    <span>2.<\/span> A Seal of Authenticity\n\n                                <\/button>\n                            <\/h2>\n                            <div id=\"collapseTwo\" class=\"accordion-collapse collapse\" aria-labelledby=\"headingTwo\"\n                                data-bs-parent=\"#accordionExample\">\n\n                                <div class=\"accordion-body\">\n                                    Proudly made in India, the world’s largest producer of castor oil, our product carries a seal of authenticity and excellence, ensuring you receive the highest quality natural care.\n                                <\/div>\n                            <\/div>\n                        <\/div>\n                        <div class=\"accordion-item\">\n                            <h2 class=\"accordion-header\" id=\"headingThree\">\n                                <button class=\"accordion-button collapsed\" type=\"button\" data-bs-toggle=\"collapse\"\n                                    data-bs-target=\"#collapseThree\" aria-expanded=\"false\" aria-controls=\"collapseThree\">\n                                    <span>3.<\/span>DIY Golden Recipe\n                                <\/button>\n                            <\/h2>\n                            <div id=\"collapseThree\" class=\"accordion-collapse collapse\" aria-labelledby=\"headingThree\"\n                                data-bs-parent=\"#accordionExample\">\n                                <div class=\"accordion-body\">\n                                    Blend it with natural ingredients like Rosemary Oil and Tea Tree Oil for enhanced Itchy Scalp Treatment. Combine with Batana oil and Chebe Powder for an even more potent blend or use it with any massage oil to PROVITALIZE both body and mind.\n                                <\/div>\n                            <\/div>\n                        <\/div>\n                        <div class=\"accordion-item\">\n                            <h2 class=\"accordion-header\" id=\"headingFour\">\n                                <button class=\"accordion-button collapsed\" type=\"button\" data-bs-toggle=\"collapse\"\n                                    data-bs-target=\"#collapseFour\" aria-expanded=\"false\" aria-controls=\"collapseFour\">\n                                    <span>4.<\/span>How to Use\n                                <\/button>\n                            <\/h2>\n                            <div id=\"collapseFour\" class=\"accordion-collapse collapse\" aria-labelledby=\"headingFour\"\n                                data-bs-parent=\"#accordionExample\">\n                                <div class=\"accordion-body\">\n                                    Our Indian Black Castor Oil is the perfect addition to your hair and skin care routine. Use it as an eye makeup remover, face moisturizer, nail care, hair masks, navel oiling, or as foot massager.\n                                <\/div>\n                            <\/div>\n                        <\/div>\n                        <div class=\"accordion-item\">\n                            <h2 class=\"accordion-header\" id=\"headingFive\">\n                                <button class=\"accordion-button collapsed\" type=\"button\" data-bs-toggle=\"collapse\"\n                                    data-bs-target=\"#collapseFive\" aria-expanded=\"false\" aria-controls=\"collapseFive\">\n                                    <span>5.<\/span>Easy & Precise Application\n\n                                <\/button>\n                            <\/h2>\n                            <div id=\"collapseFive\" class=\"accordion-collapse collapse\" aria-labelledby=\"headingFive\"\n                                data-bs-parent=\"#accordionExample\">\n                                <div class=\"accordion-body\">\n                                    Starter Kit includes two 10ml travel-sized bottles, each with a professional-grade mascara brush and eyeliner brush, perfect for targeted applications and to maintain lash and brow health.\n\n                                <\/div>\n                            <\/div>\n                        <\/div>\n\n                        <div class=\"accordion-item\">\n                            <h2 class=\"accordion-header\" id=\"headingSix\">\n                                <button class=\"accordion-button collapsed\" type=\"button\" data-bs-toggle=\"collapse\"\n                                    data-bs-target=\"#collapseSix\" aria-expanded=\"false\" aria-controls=\"collapseSix\">\n                                    <span>6.<\/span>Save The Environment\n\n                                <\/button>\n                            <\/h2>\n                            <div id=\"collapseSix\" class=\"accordion-collapse collapse\" aria-labelledby=\"headingSix\"\n                                data-bs-parent=\"#accordionExample\">\n                                <div class=\"accordion-body\">\n                                    Packaged in recyclable PET bottles, Kaes Teo is committed to offer a sustainable choice that reduces environmental impact without compromising on quality or durability.\n\n                                <\/div>\n                            <\/div>\n                        <\/div>\n                    <\/div>\n                <\/div>\n            <\/div>\n            <div class=\"col-lg-6 col-sm-12 col-12\">\n                <div class=\"keyImage\">\n                    <img src=\"https:\/\/cdn.shopify.com\/s\/files\/1\/0584\/1204\/0269\/files\/black-bottle.png?v=1727687600\"\n                        alt=\"image\">\n\n                <\/div>\n            <\/div>\n        <\/div>\n    <\/div>\n<\/div>","color_scheme":"","padding_top":0,"padding_bottom":0}},"custom_liquid_pJiwtA":{"type":"custom-liquid","settings":{"custom_liquid":"<div class=\"howtouse__section\">\n    \n            <div class=\"row\">\n                <div class=\"col-lg-6\">\n                    <div class=\"faq__sectionsarea\">\n                        <h6 class=\"text-uppercase\">how to use<\/h6>\n                        <div class=\"accordion\" id=\"accordionExample2\">\n                            <div class=\"accordion-item\">\n                                <h2 class=\"accordion-header\" id=\"headingOne2\">\n                                    <button class=\"accordion-button\" type=\"button\" data-bs-toggle=\"collapse\"\n                                        data-bs-target=\"#collapseOne2\" aria-expanded=\"true\" aria-controls=\"collapseOne\">\n                                        For Hair\n                                    <\/button>\n                                <\/h2>\n                                <div id=\"collapseOne2\" class=\"accordion-collapse collapse show\"\n                                    aria-labelledby=\"headingOne2\" data-bs-parent=\"#accordionExample2\">\n                                    <div class=\"accordion-body\">\n                                        Massage onto dry scalp. Leave for 1 hour and then rinse it off with a shampoo.\n                                        Good\n                                        for all hair types.\n                                    <\/div>\n                                <\/div>\n                            <\/div>\n                            <div class=\"accordion-item\">\n                                <h2 class=\"accordion-header\" id=\"headingTwo2\">\n                                    <button class=\"accordion-button collapsed\" type=\"button\" data-bs-toggle=\"collapse\"\n                                        data-bs-target=\"#collapseTwo2\" aria-expanded=\"false\"\n                                        aria-controls=\"collapseTwo2\">\n                                        For Lashes and Brows\n                                    <\/button>\n                                <\/h2>\n                                <div id=\"collapseTwo2\" class=\"accordion-collapse collapse\" aria-labelledby=\"headingTwo2\"\n                                    data-bs-parent=\"#accordionExample2\">\n                                    <div class=\"accordion-body\">\n                                        Apply 1-2 drops at night time on your lashline and brows for a fuller growth.\n                                    <\/div>\n                                <\/div>\n                            <\/div>\n                            <div class=\"accordion-item\">\n                                <h2 class=\"accordion-header\" id=\"headingThree2\">\n                                    <button class=\"accordion-button collapsed\" type=\"button\" data-bs-toggle=\"collapse\"\n                                        data-bs-target=\"#collapseThree2\" aria-expanded=\"false\"\n                                        aria-controls=\"collapseThree2\">\n                                        Dry Skin\n                                    <\/button>\n                                <\/h2>\n                                <div id=\"collapseThree2\" class=\"accordion-collapse collapse\"\n                                    aria-labelledby=\"headingThree2\" data-bs-parent=\"#accordionExample2\">\n                                    <div class=\"accordion-body\">\n                                        On a cleansed skin, massage the oil on dry parts of your skin like Heels and\n                                        Joints for softer nourished skin.\n                                    <\/div>\n                                <\/div>\n                            <\/div>\n                            <div class=\"accordion-item\">\n                                <h2 class=\"accordion-header\" id=\"headingFour2\">\n                                    <button class=\"accordion-button collapsed\" type=\"button\" data-bs-toggle=\"collapse\"\n                                        data-bs-target=\"#collapseFour2\" aria-expanded=\"false\"\n                                        aria-controls=\"collapseFour2\">\n                                        Beard\/ Mustache\n                                    <\/button>\n                                <\/h2>\n                                <div id=\"collapseFour2\" class=\"accordion-collapse collapse\"\n                                    aria-labelledby=\"headingFour2\" data-bs-parent=\"#accordionExample2\">\n                                    <div class=\"accordion-body\">\n                                        After washing your face, apply 2-3 drops onto your facial hair. Preferably at\n                                        night time.\n                                    <\/div>\n                                <\/div>\n                            <\/div>\n                            <div class=\"accordion-item\">\n                                <h2 class=\"accordion-header\" id=\"headingFive2\">\n                                    <button class=\"accordion-button collapsed\" type=\"button\" data-bs-toggle=\"collapse\"\n                                        data-bs-target=\"#collapseFive2\" aria-expanded=\"false\"\n                                        aria-controls=\"collapseFive2\">\n                                        Nails\/ Cuticles\n                                    <\/button>\n                                <\/h2>\n                                <div id=\"collapseFive2\" class=\"accordion-collapse collapse\"\n                                    aria-labelledby=\"headingFive2\" data-bs-parent=\"#accordionExample2\">\n                                    <div class=\"accordion-body\">\n                                        Gently massage 1-2 drops on your nail beds as required.\n                                    <\/div>\n                                <\/div>\n                            <\/div>\n                            <div class=\"accordion-item\">\n                                <h2 class=\"accordion-header\" id=\"headingSix2\">\n                                    <button class=\"accordion-button collapsed\" type=\"button\" data-bs-toggle=\"collapse\"\n                                        data-bs-target=\"#collapseSix2\" aria-expanded=\"false\"\n                                        aria-controls=\"collapseSix2\">\n                                        Navel Oiling\n                                    <\/button>\n                                <\/h2>\n                                <div id=\"collapseSix2\" class=\"accordion-collapse collapse\" aria-labelledby=\"headingSix2\"\n                                    data-bs-parent=\"#accordionExample2\">\n                                    <div class=\"accordion-body\">\n                                        Rub 2-3 drops of warm castor oil in and around navel, prefarably before\n                                        sleeping.\n                                    <\/div>\n                                <\/div>\n                            <\/div>\n                            <div class=\"accordion-item\">\n                                <h2 class=\"accordion-header\" id=\"headingSeven2\">\n                                    <button class=\"accordion-button collapsed\" type=\"button\" data-bs-toggle=\"collapse\"\n                                        data-bs-target=\"#collapseSeven2\" aria-expanded=\"false\"\n                                        aria-controls=\"collapseSeven2\">\n                                        Castor Oil Pack\n                                    <\/button>\n                                <\/h2>\n                                <div id=\"collapseSeven2\" class=\"accordion-collapse collapse\"\n                                    aria-labelledby=\"headingSeven2\" data-bs-parent=\"#accordionExample2\">\n                                    <div class=\"accordion-body\">\n                                        Apply 2-3 spoonfuls of oil to fabric pad, then apply to body with or without a\n                                        heating pad directly to the skin.\n                                    <\/div>\n                                <\/div>\n                            <\/div>\n                            <div class=\"accordion-item\">\n                                <h2 class=\"accordion-header\" id=\"headingEight2\">\n                                    <button class=\"accordion-button collapsed\" type=\"button\" data-bs-toggle=\"collapse\"\n                                        data-bs-target=\"#collapseEight2\" aria-expanded=\"false\"\n                                        aria-controls=\"collapseEight2\">\n                                        Carrier Oil\n                                    <\/button>\n                                <\/h2>\n                                <div id=\"collapseEight2\" class=\"accordion-collapse collapse\"\n                                    aria-labelledby=\"headingEight2\" data-bs-parent=\"#accordionExample2\">\n                                    <div class=\"accordion-body\">\n                                        Mix 2-3 tbsp with your needed DIY aromatherapy essential oil for massages and\n                                        therapies.\n                                    <\/div>\n                                <\/div>\n                            <\/div>\n                        <\/div>\n                    <\/div>\n                <\/div>\n                <div class=\"col-lg-6\">\n\n                    <div class=\"accordionimg accordionimg1\">\n\n                        <img src=\"https:\/\/cdn.shopify.com\/s\/files\/1\/0584\/1204\/0269\/files\/htu1.jpg?v=1714566065\"\n                            alt=\"htu1\">\n                    <\/div>\n                    <div class=\"accordionimg accordionimg2\">\n\n                        <img src=\"https:\/\/cdn.shopify.com\/s\/files\/1\/0584\/1204\/0269\/files\/htu2.jpg?v=1714566065\"\n                            alt=\"htu1\">\n                    <\/div>\n                    <div class=\"accordionimg accordionimg3\">\n\n                        <img src=\"https:\/\/cdn.shopify.com\/s\/files\/1\/0584\/1204\/0269\/files\/htu3.jpg?v=1714566065\"\n                            alt=\"htu1\">\n                    <\/div>\n                    <div class=\"accordionimg accordionimg4\">\n\n                        <img src=\"https:\/\/cdn.shopify.com\/s\/files\/1\/0584\/1204\/0269\/files\/htu4.jpg?v=1714566065\"\n                            alt=\"htu1\">\n                    <\/div>\n                    <div class=\"accordionimg accordionimg5\">\n\n                        <img src=\"https:\/\/cdn.shopify.com\/s\/files\/1\/0584\/1204\/0269\/files\/htu5.jpg?v=1714566065\"\n                            alt=\"htu1\">\n                    <\/div>\n                    <div class=\"accordionimg accordionimg6\">\n\n                        <img src=\"https:\/\/cdn.shopify.com\/s\/files\/1\/0584\/1204\/0269\/files\/htu6.jpg?v=1714566065\"\n                            alt=\"htu1\">\n                    <\/div>\n                    <div class=\"accordionimg accordionimg7\">\n\n                        <img src=\"https:\/\/cdn.shopify.com\/s\/files\/1\/0584\/1204\/0269\/files\/htu7.jpg?v=1714566065\"\n                            alt=\"htu1\">\n                    <\/div>\n                    <div class=\"accordionimg accordionimg8\">\n\n                        <img src=\"https:\/\/cdn.shopify.com\/s\/files\/1\/0584\/1204\/0269\/files\/htu8.jpg?v=1714566065\"\n                            alt=\"htu1\">\n                    <\/div>\n\n\n\n\n                <\/div>\n            <\/div>\n        <\/div>","color_scheme":"","padding_top":0,"padding_bottom":0}},"custom_liquid_JhiKGb":{"type":"custom-liquid","custom_css":[".btn__new {margin-top: 20px;}"],"settings":{"custom_liquid":"<section class=\"pl_area1  position-relative\">\n    <img src=\"https:\/\/cdn.shopify.com\/s\/files\/1\/0584\/1204\/0269\/files\/pl-flower.png?v=1712724714\" alt=\"top-left\"\n        class=\"pl-flower\" data-aos=\"fade-down\" data-aos-easing=\"linear\" data-aos-duration=\"500\">\n    <img src=\"https:\/\/cdn.shopify.com\/s\/files\/1\/0584\/1204\/0269\/files\/pl-flower2.png?v=1712724714\" alt=\"top-right\"\n        class=\"pl-flower2\" data-aos=\"fade-down\" data-aos-easing=\"linear\" data-aos-duration=\"750\">\n    <div class=\"container-fluid\">\n        <div class=\"row align-items-center\">\n            <div class=\"col-lg-6\">\n                <div class=\"pl_left\">\n<h3 class=\"mb-4\">Applicator kit <br> included<\/h3>\n                    <h6 class=\"mb-5\">with Castor Oils.<\/h6>\n                    <a href=\"#\" class=\"btn__new\"> SHOP NOW<\/a>\n                <\/div>\n            <\/div>\n            <div class=\"col-lg-6\">\n                <div class=\"pl_left_img\">\n                    <img src=\"https:\/\/cdn.shopify.com\/s\/files\/1\/0584\/1204\/0269\/files\/bottle-gift.png?v=1727444044\">\n                <\/div>\n            <\/div>\n        <\/div>\n    <\/div>\n<\/section>","color_scheme":"","padding_top":0,"padding_bottom":0}},"custom_liquid_GMpgMX":{"type":"custom-liquid","settings":{"custom_liquid":"<div class=\"section__tags\">\n    <div class=\"container-fluid\">\n        <div class=\"row text-center\">\n            <div class=\"col-lg col-6\">\n                <img src=\"https:\/\/cdn.shopify.com\/s\/files\/1\/0584\/1204\/0269\/files\/Group_1597880350.png?v=1727363364\"\n                    alt=\"tags vegan\">\n                    <!--<h6 style=\"margin-top: 20px; color: black;\">VEGAN FORMULA<\/h6>-->\n            <\/div>\n            <div class=\"col-lg col-6\">\n                <img src=\"https:\/\/cdn.shopify.com\/s\/files\/1\/0584\/1204\/0269\/files\/Group_226.png?v=1727363363\"\n                    alt=\"tags ayurvedic\">\n                    <!--<h6 style=\"margin-top: 20px; color: black;\">AYURVEDIC BENIFITS<\/h6>-->\n            <\/div>\n <div class=\"col-lg offset-lg-0 col-6 offset-3\">\n                <img src=\"https:\/\/cdn.shopify.com\/s\/files\/1\/0584\/1204\/0269\/files\/Group_1597880328.png?v=1727363364\"\n                    alt=\"USDA oragnic\">\n                    <!--<h6 style=\"margin-top: 20px; color: black;\">USDA ORGANIC<\/h6>-->\n            <\/div>\n <div class=\"col-lg col-6\">\n                <img src=\"https:\/\/cdn.shopify.com\/s\/files\/1\/0584\/1204\/0269\/files\/Group_1597880346.png?v=1727363363\"\n                    alt=\"non gmo\">\n                    <!--<h6 style=\"margin-top: 20px; color: black;\">NON GMO<\/h6>-->\n            <\/div>\n            <div class=\"col-lg col-6\">\n                <img src=\"https:\/\/cdn.shopify.com\/s\/files\/1\/0584\/1204\/0269\/files\/Group_225.png?v=1727363363\"\n                    alt=\"tags cruelty\">\n                    <!--<h6 style=\"margin-top: 20px; color: black;\">CRUELTY FREE<\/h6>-->\n            <\/div>\n            <div class=\"col-lg col-6\">\n                <img src=\"https:\/\/cdn.shopify.com\/s\/files\/1\/0584\/1204\/0269\/files\/Group_1597880345.png?v=1727363363\"\n                    alt=\"all hair & skin types\">\n                    <!--<h6 style=\"margin-top: 20px; color: black;\">NON GMO<\/h6>-->\n            <\/div>\n           \n        <\/div>\n    <\/div>\n<\/div>","color_scheme":"","padding_top":100,"padding_bottom":100}},"custom_liquid_Rt6Eec":{"type":"custom-liquid","custom_css":[".custom-dot.active {color: #ad1400 !important;}"],"settings":{"custom_liquid":"<div class=\"container-fluid\">\n    <div class=\"descriptions__spcl\">\n        <div class=\"descr__spclarea\">\n            <img src=\"https:\/\/cdn.shopify.com\/s\/files\/1\/0584\/1204\/0269\/files\/flower.svg?v=1711600661\" alt=\"tree\">\n            <h2> Embrace the beauty of nature with our Castor Oil for a healthier, more vibrant you.<\/h2>\n        <\/div>\n    <\/div>\n    <div class=\"descrtab__spcl\">\n\n        <div class=\"custom-dots-container\">\n            <span class=\"custom-dot\" data-index=\"0\">Hair Growth Promotion<\/span>\n            <span class=\"custom-dot\" data-index=\"1\">Moisturizes Skin<\/span>\n            <span class=\"custom-dot\" data-index=\"2\">Fuller lashes and brows<\/span>\n            <span class=\"custom-dot\" data-index=\"3\">Soothes Skin<\/span>\n            <span class=\"custom-dot\" data-index=\"4\">Nail Strength<\/span>\n        <\/div>\n\n        <div id=\"unique-slider\" class=\"owl-carousel\">\n            <div class=\"item\"><img\n                    src=\"https:\/\/cdn.shopify.com\/s\/files\/1\/0584\/1204\/0269\/files\/des-spcl1.png?v=1713851572\" alt=\"tree\"\n                    class=\"d-none d-lg-block\">\n                <img src=\"https:\/\/cdn.shopify.com\/s\/files\/1\/0584\/1204\/0269\/files\/des-spcl1-m.png?v=1714562205\"\n                    alt=\"tree\" class=\"d-block d-lg-none\">\n            <\/div>\n            <div class=\"item\">\n                <img src=\"https:\/\/cdn.shopify.com\/s\/files\/1\/0584\/1204\/0269\/files\/des-spcl2.png?v=1713851572\" alt=\"tree\"\n                    class=\"d-none d-lg-block\">\n                <img src=\"https:\/\/cdn.shopify.com\/s\/files\/1\/0584\/1204\/0269\/files\/des-spcl2-m.png?v=1713851572\"\n                    alt=\"tree\" class=\"d-block d-lg-none\">\n            <\/div>\n            <div class=\"item\">\n                <img src=\"https:\/\/cdn.shopify.com\/s\/files\/1\/0584\/1204\/0269\/files\/des-spcl3.png?v=1713851572\" alt=\"tree\"\n                    class=\"d-none d-lg-block\">\n                <img src=\"https:\/\/cdn.shopify.com\/s\/files\/1\/0584\/1204\/0269\/files\/des-spcl3-m.png?v=1713851572\"\n                    alt=\"tree\" class=\"d-block d-lg-none\">\n            <\/div>\n            <div class=\"item\">\n                <img src=\"https:\/\/cdn.shopify.com\/s\/files\/1\/0584\/1204\/0269\/files\/des-spcl4.png?v=1713851572\" alt=\"tree\"\n                    class=\"d-none d-lg-block\">\n                <img src=\"https:\/\/cdn.shopify.com\/s\/files\/1\/0584\/1204\/0269\/files\/des-spcl4-m.png?v=1713851572\"\n                    alt=\"tree\" class=\"d-block d-lg-none\">\n            <\/div>\n            <div class=\"item\">\n                <img src=\"https:\/\/cdn.shopify.com\/s\/files\/1\/0584\/1204\/0269\/files\/des-spcl5.png?v=1713851572\" alt=\"tree\"\n                    class=\"d-none d-lg-block\">\n                <img src=\"https:\/\/cdn.shopify.com\/s\/files\/1\/0584\/1204\/0269\/files\/des-spcl5-m.png?v=1713851572\"\n                    alt=\"tree\" class=\"d-block d-lg-none\">\n            <\/div>\n        <\/div>\n\n        <div class=\"descrtab__spcl_card\">\n            <div class=\"container\">\n                <h2> Hear the results <\/h2>\n                <div class=\"row\">\n                    <div class=\"col-lg-6\">\n                        <div class=\"card__result\">\n                            <h4> 90%<\/h4>\n                            <p>of castor oil is <span>produced in India <\/span><\/p>\n                        <\/div>\n                    <\/div>\n                    <div class=\"col-lg-6\">\n                        <div class=\"card__result\">\n                            <h4> 10%<\/h4>\n                            <p>of castor oil is consumed for<span> medicinal purposes<\/span><\/p>\n                        <\/div>\n                    <\/div>\n                    <div class=\"col-12\">\n                        <div class=\"card__result\">\n                            <h4> 6%<\/h4>\n                            <p>rise since 2022 where <span> people are switching to castor oil <\/span> for hair growth\n                            <\/p>\n                        <\/div>\n                    <\/div>\n                <\/div>\n            <\/div>\n        <\/div>\n    <\/div>\n<\/div>","color_scheme":"","padding_top":0,"padding_bottom":0}},"custom_liquid_Xknr46":{"type":"custom-liquid","settings":{"custom_liquid":"<div class=\"container-fluid\">\n        <div class=\"details__tags d-flex justify-content-between\">\n    <div class=\"dtags1\">\n        <img src=\"https:\/\/cdn.shopify.com\/s\/files\/1\/0584\/1204\/0269\/files\/circle-check.svg?v=1713848141\" alt=\"circle\">\n        100% Organic and Pure\n    <\/div>\n\n    <div class=\"dtags1\">\n        <img src=\"https:\/\/cdn.shopify.com\/s\/files\/1\/0584\/1204\/0269\/files\/circle-check.svg?v=1713848141\" alt=\"circle\">\n       Original Indian Black Castor Oil\n    <\/div>\n\n    <div class=\"dtags1\">\n        <img src=\"https:\/\/cdn.shopify.com\/s\/files\/1\/0584\/1204\/0269\/files\/circle-check.svg?v=1713848141\" alt=\"circle\">\n       100% Natural\n    <\/div>\n\n    <div class=\"dtags1\">\n        <img src=\"https:\/\/cdn.shopify.com\/s\/files\/1\/0584\/1204\/0269\/files\/circle-check.svg?v=1713848141\" alt=\"circle\">\n       Healing Properties\n    <\/div>\n<\/div>\n<\/div>","color_scheme":"","padding_top":40,"padding_bottom":52}},"custom_liquid_cEbmKX":{"type":"custom-liquid","settings":{"custom_liquid":"<div class=\"faq__section-pd\">\n    <div class=\"container-fluid\">\n        <div class=\"row align-items-end\">\n            <div class=\"col-lg-6\">\n<img src=\"https:\/\/cdn.shopify.com\/s\/files\/1\/0584\/1204\/0269\/files\/Frame_1597880401.png?v=1727086521\" alt=\"oil\">\n            <\/div>\n            <div class=\"col-lg-6\">\n                <div class=\"faq__sectionsarea\">\n\n\n                    <h2 class=\"text-white\">FAQs<\/h2>\n                    <div class=\"accordion\" id=\"accordionExample\">\n                        <div class=\"accordion-item\">\n                            <h2 class=\"accordion-header\" id=\"headingOne\">\n                                <button class=\"accordion-button\" type=\"button\" data-bs-toggle=\"collapse\"\n                                    data-bs-target=\"#collapseOne\" aria-expanded=\"true\" aria-controls=\"collapseOne\">\n                                    <span>1.<\/span> Is castor oil safe to use on skin?\n\n                                <\/button>\n                            <\/h2>\n                            <div id=\"collapseOne\" class=\"accordion-collapse collapse show\" aria-labelledby=\"headingOne\"\n                                data-bs-parent=\"#accordionExample\">\n                                <div class=\"accordion-body\">\n                                    Yes, it's generally safe. It moisturizes and can help with dry skin, eczema, and psoriasis. Do a patch test first to\n                                    check for any irritation.\n                                <\/div>\n                            <\/div>\n                        <\/div>\n                        <div class=\"accordion-item\">\n                            <h2 class=\"accordion-header\" id=\"headingTwo\">\n                                <button class=\"accordion-button collapsed\" type=\"button\" data-bs-toggle=\"collapse\"\n                                    data-bs-target=\"#collapseTwo\" aria-expanded=\"false\" aria-controls=\"collapseTwo\">\n                                    <span>2.<\/span> Can castor oil promote hair growth?\n                                <\/button>\n                            <\/h2>\n                            <div id=\"collapseTwo\" class=\"accordion-collapse collapse\" aria-labelledby=\"headingTwo\"\n                                data-bs-parent=\"#accordionExample\">\n\n                                <div class=\"accordion-body\">\n                                    Yes, it can. Regular use on the scalp strengthens hair follicles, reduces breakage, and can lead to thicker hair over\n                                    time.\n\n                                <\/div>\n                            <\/div>\n                        <\/div>\n                        <div class=\"accordion-item\">\n                            <h2 class=\"accordion-header\" id=\"headingThree\">\n                                <button class=\"accordion-button collapsed\" type=\"button\" data-bs-toggle=\"collapse\"\n                                    data-bs-target=\"#collapseThree\" aria-expanded=\"false\" aria-controls=\"collapseThree\">\n                                    <span>3.<\/span>Is castor oil suitable for all skin and hair types?\n                                <\/button>\n                            <\/h2>\n                            <div id=\"collapseThree\" class=\"accordion-collapse collapse\" aria-labelledby=\"headingThree\"\n                                data-bs-parent=\"#accordionExample\">\n                                <div class=\"accordion-body\">\nYes. Castor oil is suitable for all skin and hair types due to its natural, gentle properties. It moisturizes dry skin,\nbalances oily skin, and supports hair health ,making it versatile and beneficial for everyone.\n                                <\/div>\n                            <\/div>\n                        <\/div>\n                        <div class=\"accordion-item\">\n                            <h2 class=\"accordion-header\" id=\"headingFour\">\n                                <button class=\"accordion-button collapsed\" type=\"button\" data-bs-toggle=\"collapse\"\n                                    data-bs-target=\"#collapseFour\" aria-expanded=\"false\" aria-controls=\"collapseFour\">\n                                    <span>4.<\/span>Why Indian Castor Oil?\n\n                                <\/button>\n                            <\/h2>\n                            <div id=\"collapseFour\" class=\"accordion-collapse collapse\" aria-labelledby=\"headingFour\"\n                                data-bs-parent=\"#accordionExample\">\n                                <div class=\"accordion-body\">\n                            India produces over 85% of the world’s castor oil, known for its high purity, rich ricinoleic acid content, and\n                            Ayurvedic benefits. These traditional Ayurvedic uses enhance hair, skin, and health, making Indian castor oil a superior\n                            choice unmatched by any other country.\n\n                                <\/div>\n                            <\/div>\n                        <\/div>\n                        <div class=\"accordion-item\">\n                            <h2 class=\"accordion-header\" id=\"headingFive\">\n                                <button class=\"accordion-button collapsed\" type=\"button\" data-bs-toggle=\"collapse\"\n                                    data-bs-target=\"#collapseFive\" aria-expanded=\"false\" aria-controls=\"collapseFive\">\n                                    <span>5.<\/span> What Makes Kaes Teo Unique and Different from Other Brands?\n\n                                <\/button>\n                            <\/h2>\n                            <div id=\"collapseFive\" class=\"accordion-collapse collapse\" aria-labelledby=\"headingFive\"\n                                data-bs-parent=\"#accordionExample\">\n                                <div class=\"accordion-body\">\n                                Kaes Teo offers 100% pure, organic, USDA-certified, and cold-pressed Indian castor oil, ensuring top quality and\n                                nutrient retention. Our adherence to the highest standards, combined with the Ayurvedic secrets in Indian castor oil,\n                                sets us apart.\n\n                                <\/div>\n                            <\/div>\n                        <\/div>\n                    <\/div>\n                <\/div>\n            <\/div>\n        <\/div>\n    <\/div>\n<\/div>","color_scheme":"","padding_top":0,"padding_bottom":0}},"related-products":{"type":"related-products","disabled":true,"settings":{"heading":"You will also like","heading_size":"h2","products_to_show":3,"columns_desktop":3,"color_scheme":"scheme-1","image_ratio":"adapt","image_shape":"default","show_secondary_image":false,"show_vendor":false,"show_rating":false,"columns_mobile":"1","padding_top":48,"padding_bottom":48}},"featured_collection_Q6kMgX":{"type":"featured-collection","custom_css":["h2.title {text-align: center; color: #d12729; font-weight: 500; font-size: 22px; text-transform: uppercase;}"],"settings":{"title":"You will also like","heading_size":"h1","description":"","show_description":false,"description_style":"body","collection":"black-castor-oil","products_to_show":3,"columns_desktop":3,"full_width":false,"show_view_all":true,"view_all_style":"link","enable_desktop_slider":false,"color_scheme":"","image_ratio":"adapt","image_shape":"default","show_secondary_image":false,"show_vendor":false,"show_rating":false,"columns_mobile":"2","swipe_on_mobile":false,"padding_top":100,"padding_bottom":100}},"rich_text_68WMQQ":{"type":"rich-text","blocks":{"heading_f39n3z":{"type":"heading","settings":{"heading":"OUR CLIENTS LOVE US","heading_size":"h2"}}},"block_order":["heading_f39n3z"],"disabled":true,"custom_css":["h2 {font-size: 24px; color: #db5026;}"],"settings":{"desktop_content_position":"center","content_alignment":"center","color_scheme":"","full_width":true,"padding_top":8,"padding_bottom":32}},"custom_liquid_rkMh8n":{"type":"custom-liquid","disabled":true,"settings":{"custom_liquid":"<div class=\"testimonail-owl-slider\">\n  <div class=\"container-fluid\">\n    <div class=\"owl-carousel owl-theme\">\n      <div class=\"item\">\n        <div class=\"row\">\n          <div class=\"col-md-6\">\n            <img\n              src=\"https:\/\/cdn.shopify.com\/s\/files\/1\/0584\/1204\/0269\/files\/image-1.png?v=1717583551\"\n              alt=\"Product Image 1\"\n            \/>\n          <\/div>\n          <div class=\"col-md-6 testimonial-content\">\n            <div class=\"star-rating mb-3\">\n              <svg\n                xmlns=\"http:\/\/www.w3.org\/2000\/svg\"\n                width=\"20\"\n                height=\"20\"\n                viewBox=\"0 0 20 20\"\n                fill=\"none\"\n              >\n                <path\n                  d=\"M10 0L13.09 6.26L20 7.27L15 12.14L16.18 19.02L10 15.77L3.82 19.02L5 12.14L0 7.27L6.91 6.26L10 0Z\"\n                  fill=\"black\"\n                \/>\n              <\/svg>\n              <svg\n                xmlns=\"http:\/\/www.w3.org\/2000\/svg\"\n                width=\"20\"\n                height=\"20\"\n                viewBox=\"0 0 20 20\"\n                fill=\"none\"\n              >\n                <path\n                  d=\"M10 0L13.09 6.26L20 7.27L15 12.14L16.18 19.02L10 15.77L3.82 19.02L5 12.14L0 7.27L6.91 6.26L10 0Z\"\n                  fill=\"black\"\n                \/>\n              <\/svg>\n              <svg\n                xmlns=\"http:\/\/www.w3.org\/2000\/svg\"\n                width=\"20\"\n                height=\"20\"\n                viewBox=\"0 0 20 20\"\n                fill=\"none\"\n              >\n                <path\n                  d=\"M10 0L13.09 6.26L20 7.27L15 12.14L16.18 19.02L10 15.77L3.82 19.02L5 12.14L0 7.27L6.91 6.26L10 0Z\"\n                  fill=\"black\"\n                \/>\n              <\/svg>\n              <svg\n                xmlns=\"http:\/\/www.w3.org\/2000\/svg\"\n                width=\"20\"\n                height=\"20\"\n                viewBox=\"0 0 20 20\"\n                fill=\"none\"\n              >\n                <path\n                  d=\"M10 0L13.09 6.26L20 7.27L15 12.14L16.18 19.02L10 15.77L3.82 19.02L5 12.14L0 7.27L6.91 6.26L10 0Z\"\n                  fill=\"black\"\n                \/>\n              <\/svg>\n              <svg\n                xmlns=\"http:\/\/www.w3.org\/2000\/svg\"\n                width=\"20\"\n                height=\"20\"\n                viewBox=\"0 0 20 20\"\n                fill=\"none\"\n              >\n                <path\n                  d=\"M10 0L13.09 6.26L20 7.27L15 12.14L16.18 19.02L10 15.77L3.82 19.02L5 12.14L0 7.27L6.91 6.26L10 0Z\"\n                  fill=\"black\"\n                \/>\n              <\/svg>\n            <\/div>\n            <p>\n              \"I've been using Kaes Teo's Pure Castor Oil for a few months now,\n              my hair has never felt healthier! It's super moisturizing and has\n              cut down breakage a lot. Highly recommend it to anyone looking to\n              step up their hair game.\"\n            <\/p>\n            <p class=\"testimonial-author\">Sarah M, New York<\/p>\n          <\/div>\n        <\/div>\n      <\/div>\n      <div class=\"item\">\n        <div class=\"row\">\n          <div class=\"col-md-6\">\n            <img\n              src=\"https:\/\/cdn.shopify.com\/s\/files\/1\/0584\/1204\/0269\/files\/image-2.png?v=1717583551\"\n              alt=\"Product Image 2\"\n            \/>\n          <\/div>\n          <div class=\"col-md-6 testimonial-content\">\n            <div class=\"star-rating mb-3\">\n              <svg\n                xmlns=\"http:\/\/www.w3.org\/2000\/svg\"\n                width=\"20\"\n                height=\"20\"\n                viewBox=\"0 0 20 20\"\n                fill=\"none\"\n              >\n                <path\n                  d=\"M10 0L13.09 6.26L20 7.27L15 12.14L16.18 19.02L10 15.77L3.82 19.02L5 12.14L0 7.27L6.91 6.26L10 0Z\"\n                  fill=\"black\"\n                \/>\n              <\/svg>\n              <svg\n                xmlns=\"http:\/\/www.w3.org\/2000\/svg\"\n                width=\"20\"\n                height=\"20\"\n                viewBox=\"0 0 20 20\"\n                fill=\"none\"\n              >\n                <path\n                  d=\"M10 0L13.09 6.26L20 7.27L15 12.14L16.18 19.02L10 15.77L3.82 19.02L5 12.14L0 7.27L6.91 6.26L10 0Z\"\n                  fill=\"black\"\n                \/>\n              <\/svg>\n              <svg\n                xmlns=\"http:\/\/www.w3.org\/2000\/svg\"\n                width=\"20\"\n                height=\"20\"\n                viewBox=\"0 0 20 20\"\n                fill=\"none\"\n              >\n                <path\n                  d=\"M10 0L13.09 6.26L20 7.27L15 12.14L16.18 19.02L10 15.77L3.82 19.02L5 12.14L0 7.27L6.91 6.26L10 0Z\"\n                  fill=\"black\"\n                \/>\n              <\/svg>\n              <svg\n                xmlns=\"http:\/\/www.w3.org\/2000\/svg\"\n                width=\"20\"\n                height=\"20\"\n                viewBox=\"0 0 20 20\"\n                fill=\"none\"\n              >\n                <path\n                  d=\"M10 0L13.09 6.26L20 7.27L15 12.14L16.18 19.02L10 15.77L3.82 19.02L5 12.14L0 7.27L6.91 6.26L10 0Z\"\n                  fill=\"black\"\n                \/>\n              <\/svg>\n              <svg\n                xmlns=\"http:\/\/www.w3.org\/2000\/svg\"\n                width=\"20\"\n                height=\"20\"\n                viewBox=\"0 0 20 20\"\n                fill=\"none\"\n              >\n                <path\n                  d=\"M10 0L13.09 6.26L20 7.27L15 12.14L16.18 19.02L10 15.77L3.82 19.02L5 12.14L0 7.27L6.91 6.26L10 0Z\"\n                  fill=\"black\"\n                \/>\n              <\/svg>\n            <\/div>\n            <p>\n              \"Kaes Teo's Black Castor Oil is a game-changer for my scalp. It\n              soothes irritation and promotes hair growth like nothing else I've\n              tried. My hair is thicker and stronger, I couldn't be happier with\n              it!\"\n            <\/p>\n            <p class=\"testimonial-author\">Jason L, California<\/p>\n          <\/div>\n        <\/div>\n      <\/div>\n      <div class=\"item\">\n        <div class=\"row\">\n          <div class=\"col-md-6\">\n            <img\n              src=\"https:\/\/cdn.shopify.com\/s\/files\/1\/0584\/1204\/0269\/files\/image-3.png?v=1717583551\"\n              alt=\"Product Image 3\"\n            \/>\n          <\/div>\n          <div class=\"col-md-6 testimonial-content\">\n            <div class=\"star-rating mb-3\">\n              <svg\n                xmlns=\"http:\/\/www.w3.org\/2000\/svg\"\n                width=\"20\"\n                height=\"20\"\n                viewBox=\"0 0 20 20\"\n                fill=\"none\"\n              >\n                <path\n                  d=\"M10 0L13.09 6.26L20 7.27L15 12.14L16.18 19.02L10 15.77L3.82 19.02L5 12.14L0 7.27L6.91 6.26L10 0Z\"\n                  fill=\"black\"\n                \/>\n              <\/svg>\n              <svg\n                xmlns=\"http:\/\/www.w3.org\/2000\/svg\"\n                width=\"20\"\n                height=\"20\"\n                viewBox=\"0 0 20 20\"\n                fill=\"none\"\n              >\n                <path\n                  d=\"M10 0L13.09 6.26L20 7.27L15 12.14L16.18 19.02L10 15.77L3.82 19.02L5 12.14L0 7.27L6.91 6.26L10 0Z\"\n                  fill=\"black\"\n                \/>\n              <\/svg>\n              <svg\n                xmlns=\"http:\/\/www.w3.org\/2000\/svg\"\n                width=\"20\"\n                height=\"20\"\n                viewBox=\"0 0 20 20\"\n                fill=\"none\"\n              >\n                <path\n                  d=\"M10 0L13.09 6.26L20 7.27L15 12.14L16.18 19.02L10 15.77L3.82 19.02L5 12.14L0 7.27L6.91 6.26L10 0Z\"\n                  fill=\"black\"\n                \/>\n              <\/svg>\n              <svg\n                xmlns=\"http:\/\/www.w3.org\/2000\/svg\"\n                width=\"20\"\n                height=\"20\"\n                viewBox=\"0 0 20 20\"\n                fill=\"none\"\n              >\n                <path\n                  d=\"M10 0L13.09 6.26L20 7.27L15 12.14L16.18 19.02L10 15.77L3.82 19.02L5 12.14L0 7.27L6.91 6.26L10 0Z\"\n                  fill=\"black\"\n                \/>\n              <\/svg>\n              <svg\n                xmlns=\"http:\/\/www.w3.org\/2000\/svg\"\n                width=\"20\"\n                height=\"20\"\n                viewBox=\"0 0 20 20\"\n                fill=\"none\"\n              >\n                <path\n                  d=\"M10 0L13.09 6.26L20 7.27L15 12.14L16.18 19.02L10 15.77L3.82 19.02L5 12.14L0 7.27L6.91 6.26L10 0Z\"\n                  fill=\"black\"\n                \/>\n              <\/svg>\n            <\/div>\n            <p>\n              \"I started oil pulling with Kaes Teo's Pulling Oil, and wow, my\n              teeth are whiter and my gums feel so much healthier. Plus, it\n              leaves my mouth feeling fresh all day. Never going back to regular\n              mouthwash!\"\n            <\/p>\n            <p class=\"testimonial-author\">Emily S, Florida<\/p>\n          <\/div>\n        <\/div>\n      <\/div>\n      <div class=\"item\">\n        <div class=\"row\">\n          <div class=\"col-md-6\">\n            <img\n              src=\"https:\/\/cdn.shopify.com\/s\/files\/1\/0584\/1204\/0269\/files\/image-4.png?v=1717583621\"\n              alt=\"Product Image 4\"\n            \/>\n          <\/div>\n          <div class=\"col-md-6 testimonial-content\">\n            <div class=\"star-rating mb-3\">\n              <svg\n                xmlns=\"http:\/\/www.w3.org\/2000\/svg\"\n                width=\"20\"\n                height=\"20\"\n                viewBox=\"0 0 20 20\"\n                fill=\"none\"\n              >\n                <path\n                  d=\"M10 0L13.09 6.26L20 7.27L15 12.14L16.18 19.02L10 15.77L3.82 19.02L5 12.14L0 7.27L6.91 6.26L10 0Z\"\n                  fill=\"black\"\n                \/>\n              <\/svg>\n              <svg\n                xmlns=\"http:\/\/www.w3.org\/2000\/svg\"\n                width=\"20\"\n                height=\"20\"\n                viewBox=\"0 0 20 20\"\n                fill=\"none\"\n              >\n                <path\n                  d=\"M10 0L13.09 6.26L20 7.27L15 12.14L16.18 19.02L10 15.77L3.82 19.02L5 12.14L0 7.27L6.91 6.26L10 0Z\"\n                  fill=\"black\"\n                \/>\n              <\/svg>\n              <svg\n                xmlns=\"http:\/\/www.w3.org\/2000\/svg\"\n                width=\"20\"\n                height=\"20\"\n                viewBox=\"0 0 20 20\"\n                fill=\"none\"\n              >\n                <path\n                  d=\"M10 0L13.09 6.26L20 7.27L15 12.14L16.18 19.02L10 15.77L3.82 19.02L5 12.14L0 7.27L6.91 6.26L10 0Z\"\n                  fill=\"black\"\n                \/>\n              <\/svg>\n              <svg\n                xmlns=\"http:\/\/www.w3.org\/2000\/svg\"\n                width=\"20\"\n                height=\"20\"\n                viewBox=\"0 0 20 20\"\n                fill=\"none\"\n              >\n                <path\n                  d=\"M10 0L13.09 6.26L20 7.27L15 12.14L16.18 19.02L10 15.77L3.82 19.02L5 12.14L0 7.27L6.91 6.26L10 0Z\"\n                  fill=\"black\"\n                \/>\n              <\/svg>\n              <svg\n                xmlns=\"http:\/\/www.w3.org\/2000\/svg\"\n                width=\"20\"\n                height=\"20\"\n                viewBox=\"0 0 20 20\"\n                fill=\"none\"\n              >\n                <path\n                  d=\"M10 0L13.09 6.26L20 7.27L15 12.14L16.18 19.02L10 15.77L3.82 19.02L5 12.14L0 7.27L6.91 6.26L10 0Z\"\n                  fill=\"black\"\n                \/>\n              <\/svg>\n            <\/div>\n            <p>\n              \"Kaes Teo's Pure Castor Oil is now a must in my skincare routine.\n              It’s fantastic for hydrating my skin and has really helped with my\n              scars. A little goes a long way, and the quality is amazing!\"\n            <\/p>\n            <p class=\"testimonial-author\">Jessica R, Texas<\/p>\n          <\/div>\n        <\/div>\n      <\/div>\n      <div class=\"item\">\n        <div class=\"row\">\n          <div class=\"col-md-6\">\n            <img\n              src=\"https:\/\/cdn.shopify.com\/s\/files\/1\/0584\/1204\/0269\/files\/image-5.png?v=1717583615\"\n              alt=\"Product Image 5\"\n            \/>\n          <\/div>\n          <div class=\"col-md-6 testimonial-content\">\n            <div class=\"star-rating mb-3\">\n              <svg\n                xmlns=\"http:\/\/www.w3.org\/2000\/svg\"\n                width=\"20\"\n                height=\"20\"\n                viewBox=\"0 0 20 20\"\n                fill=\"none\"\n              >\n                <path\n                  d=\"M10 0L13.09 6.26L20 7.27L15 12.14L16.18 19.02L10 15.77L3.82 19.02L5 12.14L0 7.27L6.91 6.26L10 0Z\"\n                  fill=\"black\"\n                \/>\n              <\/svg>\n              <svg\n                xmlns=\"http:\/\/www.w3.org\/2000\/svg\"\n                width=\"20\"\n                height=\"20\"\n                viewBox=\"0 0 20 20\"\n                fill=\"none\"\n              >\n                <path\n                  d=\"M10 0L13.09 6.26L20 7.27L15 12.14L16.18 19.02L10 15.77L3.82 19.02L5 12.14L0 7.27L6.91 6.26L10 0Z\"\n                  fill=\"black\"\n                \/>\n              <\/svg>\n              <svg\n                xmlns=\"http:\/\/www.w3.org\/2000\/svg\"\n                width=\"20\"\n                height=\"20\"\n                viewBox=\"0 0 20 20\"\n                fill=\"none\"\n              >\n                <path\n                  d=\"M10 0L13.09 6.26L20 7.27L15 12.14L16.18 19.02L10 15.77L3.82 19.02L5 12.14L0 7.27L6.91 6.26L10 0Z\"\n                  fill=\"black\"\n                \/>\n              <\/svg>\n              <svg\n                xmlns=\"http:\/\/www.w3.org\/2000\/svg\"\n                width=\"20\"\n                height=\"20\"\n                viewBox=\"0 0 20 20\"\n                fill=\"none\"\n              >\n                <path\n                  d=\"M10 0L13.09 6.26L20 7.27L15 12.14L16.18 19.02L10 15.77L3.82 19.02L5 12.14L0 7.27L6.91 6.26L10 0Z\"\n                  fill=\"black\"\n                \/>\n              <\/svg>\n              <svg\n                xmlns=\"http:\/\/www.w3.org\/2000\/svg\"\n                width=\"20\"\n                height=\"20\"\n                viewBox=\"0 0 20 20\"\n                fill=\"none\"\n              >\n                <path\n                  d=\"M10 0L13.09 6.26L20 7.27L15 12.14L16.18 19.02L10 15.77L3.82 19.02L5 12.14L0 7.27L6.91 6.26L10 0Z\"\n                  fill=\"black\"\n                \/>\n              <\/svg>\n            <\/div>\n            <p>\n              \"I've had dandruff for years, but Kaes Teo's Black Castor Oil has\n              been a lifesaver. It not only helps with the flakes but leaves my\n              hair feeling soft and nourished. So grateful for this product!\"\n            <\/p>\n            <p class=\"testimonial-author\">Michael H, Illinois<\/p>\n          <\/div>\n        <\/div>\n      <\/div>\n      <div class=\"item\">\n        <div class=\"row\">\n          <div class=\"col-md-6\">\n            <img\n              src=\"https:\/\/cdn.shopify.com\/s\/files\/1\/0584\/1204\/0269\/files\/image-6.png?v=1717583550\"\n              alt=\"Product Image 6\"\n            \/>\n          <\/div>\n          <div class=\"col-md-6 testimonial-content\">\n            <div class=\"star-rating mb-3\">\n              <svg\n                xmlns=\"http:\/\/www.w3.org\/2000\/svg\"\n                width=\"20\"\n                height=\"20\"\n                viewBox=\"0 0 20 20\"\n                fill=\"none\"\n              >\n                <path\n                  d=\"M10 0L13.09 6.26L20 7.27L15 12.14L16.18 19.02L10 15.77L3.82 19.02L5 12.14L0 7.27L6.91 6.26L10 0Z\"\n                  fill=\"black\"\n                \/>\n              <\/svg>\n              <svg\n                xmlns=\"http:\/\/www.w3.org\/2000\/svg\"\n                width=\"20\"\n                height=\"20\"\n                viewBox=\"0 0 20 20\"\n                fill=\"none\"\n              >\n                <path\n                  d=\"M10 0L13.09 6.26L20 7.27L15 12.14L16.18 19.02L10 15.77L3.82 19.02L5 12.14L0 7.27L6.91 6.26L10 0Z\"\n                  fill=\"black\"\n                \/>\n              <\/svg>\n              <svg\n                xmlns=\"http:\/\/www.w3.org\/2000\/svg\"\n                width=\"20\"\n                height=\"20\"\n                viewBox=\"0 0 20 20\"\n                fill=\"none\"\n              >\n                <path\n                  d=\"M10 0L13.09 6.26L20 7.27L15 12.14L16.18 19.02L10 15.77L3.82 19.02L5 12.14L0 7.27L6.91 6.26L10 0Z\"\n                  fill=\"black\"\n                \/>\n              <\/svg>\n              <svg\n                xmlns=\"http:\/\/www.w3.org\/2000\/svg\"\n                width=\"20\"\n                height=\"20\"\n                viewBox=\"0 0 20 20\"\n                fill=\"none\"\n              >\n                <path\n                  d=\"M10 0L13.09 6.26L20 7.27L15 12.14L16.18 19.02L10 15.77L3.82 19.02L5 12.14L0 7.27L6.91 6.26L10 0Z\"\n                  fill=\"black\"\n                \/>\n              <\/svg>\n              <svg\n                xmlns=\"http:\/\/www.w3.org\/2000\/svg\"\n                width=\"20\"\n                height=\"20\"\n                viewBox=\"0 0 20 20\"\n                fill=\"none\"\n              >\n                <path\n                  d=\"M10 0L13.09 6.26L20 7.27L15 12.14L16.18 19.02L10 15.77L3.82 19.02L5 12.14L0 7.27L6.91 6.26L10 0Z\"\n                  fill=\"black\"\n                \/>\n              <\/svg>\n            <\/div>\n            <p>\n              \"The Pulling Oil from Kaes Teo is fantastic! I was sceptical, but\n              after a few weeks, my teeth are visibly brighter and my overall\n              oral hygiene feels improved. It's now a must-have in my morning\n              routine.\"\n            <\/p>\n            <p class=\"testimonial-author\">Laura K, Colorado<\/p>\n          <\/div>\n        <\/div>\n      <\/div>\n      <div class=\"item\">\n        <div class=\"row\">\n          <div class=\"col-md-6\">\n            <img\n              src=\"https:\/\/cdn.shopify.com\/s\/files\/1\/0584\/1204\/0269\/files\/image-7.png?v=1717583551\"\n              alt=\"Product Image 7\"\n            \/>\n          <\/div>\n          <div class=\"col-md-6 testimonial-content\">\n            <div class=\"star-rating mb-3\">\n              <svg\n                xmlns=\"http:\/\/www.w3.org\/2000\/svg\"\n                width=\"20\"\n                height=\"20\"\n                viewBox=\"0 0 20 20\"\n                fill=\"none\"\n              >\n                <path\n                  d=\"M10 0L13.09 6.26L20 7.27L15 12.14L16.18 19.02L10 15.77L3.82 19.02L5 12.14L0 7.27L6.91 6.26L10 0Z\"\n                  fill=\"black\"\n                \/>\n              <\/svg>\n              <svg\n                xmlns=\"http:\/\/www.w3.org\/2000\/svg\"\n                width=\"20\"\n                height=\"20\"\n                viewBox=\"0 0 20 20\"\n                fill=\"none\"\n              >\n                <path\n                  d=\"M10 0L13.09 6.26L20 7.27L15 12.14L16.18 19.02L10 15.77L3.82 19.02L5 12.14L0 7.27L6.91 6.26L10 0Z\"\n                  fill=\"black\"\n                \/>\n              <\/svg>\n              <svg\n                xmlns=\"http:\/\/www.w3.org\/2000\/svg\"\n                width=\"20\"\n                height=\"20\"\n                viewBox=\"0 0 20 20\"\n                fill=\"none\"\n              >\n                <path\n                  d=\"M10 0L13.09 6.26L20 7.27L15 12.14L16.18 19.02L10 15.77L3.82 19.02L5 12.14L0 7.27L6.91 6.26L10 0Z\"\n                  fill=\"black\"\n                \/>\n              <\/svg>\n              <svg\n                xmlns=\"http:\/\/www.w3.org\/2000\/svg\"\n                width=\"20\"\n                height=\"20\"\n                viewBox=\"0 0 20 20\"\n                fill=\"none\"\n              >\n                <path\n                  d=\"M10 0L13.09 6.26L20 7.27L15 12.14L16.18 19.02L10 15.77L3.82 19.02L5 12.14L0 7.27L6.91 6.26L10 0Z\"\n                  fill=\"black\"\n                \/>\n              <\/svg>\n              <svg\n                xmlns=\"http:\/\/www.w3.org\/2000\/svg\"\n                width=\"20\"\n                height=\"20\"\n                viewBox=\"0 0 20 20\"\n                fill=\"none\"\n              >\n                <path\n                  d=\"M10 0L13.09 6.26L20 7.27L15 12.14L16.18 19.02L10 15.77L3.82 19.02L5 12.14L0 7.27L6.91 6.26L10 0Z\"\n                  fill=\"black\"\n                \/>\n              <\/svg>\n            <\/div>\n            <p>\n              \"After using Kaes Teo’s Pulling Oil for just a month, I noticed a\n              huge improvement in my oral health. It’s such a natural and\n              effective product. My mouth feels cleaner and my breath is fresher\n              all day.\"\n            <\/p>\n            <p class=\"testimonial-author\">David P, Ohio<\/p>\n          <\/div>\n        <\/div>\n      <\/div>\n      <!-- Repeat similar structure for other items -->\n    <\/div>\n  <\/div>\n<\/div>\n<script>\n  $(document).ready(function () {\n    $(\".owl-carousel\").owlCarousel({\n      loop: true,\n      margin: 30,\n      nav: false,\n      autoplay: true,\n      autoplayTimeout: 2000,\n      autoplayHoverPause: true,\n      responsive: {\n        0: {\n          items: 1,\n          autoplayTimeout: 5000,\n        },\n\n        992: {\n          items: 2, \/\/ Display two items on larger screens\n          autoplayTimeout: 5000,\n        },\n      },\n      animateOut: \"fadeOut\",\n      animateIn: \"fadeIn\",\n      smartSpeed: 2000,\n    });\n  });\n<\/script>","color_scheme":"","padding_top":0,"padding_bottom":0}},"custom_liquid_idgGf9":{"type":"custom-liquid","disabled":true,"settings":{"custom_liquid":"<div class=\"marquee__section text-white d-flex justify-content-between\">\n   \n        <span>Average reviews <\/span>\n        <img src=\"https:\/\/cdn.shopify.com\/s\/files\/1\/0584\/1204\/0269\/files\/Frame_248.svg?v=1714547404\">\n        <span>4\/5 6 Reviews<\/span>\n       \n       \n   \n<\/div>","color_scheme":"","padding_top":0,"padding_bottom":0}},"image_banner_h3HbNK":{"type":"image-banner","blocks":{"heading_jwMHiz":{"type":"heading","settings":{"heading":"Your Pathway to Natural Radiance, Pure Indian or Black, Your Beauty Essential","heading_size":"h0"}},"buttons_4pw7Li":{"type":"buttons","settings":{"button_label_1":"SHOP US ON AMAZON","button_link_1":"https:\/\/amazon.com\/stores\/page\/A07196E6-CDFC-4DA0-AAFC-4DC7EC1022E8","button_style_secondary_1":true,"button_label_2":"","button_link_2":"","button_style_secondary_2":false}}},"block_order":["heading_jwMHiz","buttons_4pw7Li"],"custom_css":[],"settings":{"image":"shopify:\/\/shop_images\/amazon.jpg","image_overlay_opacity":0,"image_height":"medium","desktop_content_position":"middle-center","show_text_box":false,"desktop_content_alignment":"center","color_scheme":"scheme-3","image_behavior":"fixed","mobile_content_alignment":"center","stack_images_on_mobile":true,"show_text_below":false}}},"order":["main","custom_liquid_3X9WNd","custom_liquid_Eqe4hV","custom_liquid_n7fhLz","custom_liquid_pJiwtA","custom_liquid_JhiKGb","custom_liquid_GMpgMX","custom_liquid_Rt6Eec","custom_liquid_Xknr46","custom_liquid_cEbmKX","related-products","featured_collection_Q6kMgX","rich_text_68WMQQ","custom_liquid_rkMh8n","custom_liquid_idgGf9","image_banner_h3HbNK"]}